id,author,title,is_self,selftext,num_comments,url,score
4930p8,hkma14,When debugging code.,False,,494,https://media.giphy.com/media/WM3HX2cZ3zTry/giphy.gif,22250
58n7ds,nolessan,when a programmer and designer meet on tinder,False,,837,https://i.redd.it/4cx2ulpqxtsx.png,21475
5ivc0g,Kujiwawa,This one's going up in the cubicle,False,,490,https://i.reddituploads.com/9cf2711854b84c0cb5f143f5456ad031?fit=max&h=1536&w=1536&s=7aa0269674cdd9c1170a1320c1997a61,28298
63kko1,rzyua,Unnecessary multi threading.,False,,249,https://i.imgur.com/9Pn0dwz.gifv,23530
651hfm,photenth,I solved the problem for phone number input,False,,412,https://i.redd.it/845imcrs67ry.gif,24081
65f2jn,andrewsmd87,First world programmer problems when you work from home.,False,,537,https://i.redd.it/mofrrfm8ykry.jpg,22449
69ivqo,,Oddly specific number,False,,1300,https://i.redd.it/gk7dicv6hsvy.jpg,25070
6b8lua,EdChute_,Student used Code: it's super effective!,False,,523,http://i.imgur.com/ZCqw2oL.jpg,33102
6bf6df,texzone,How to find a STEM Major,False,,1555,https://i.redd.it/ldipjkqr9sxy.jpg,30818
6brjkt,super_good_aim_guy,How IT people see each other,False,,1218,https://i.redd.it/fax7ocgjj4yy.jpg,29113
6bvpnu,papazja,When #ransomware gang offers better customer support than companies,False,,1067,https://i.redd.it/wycsrz4i09yy.jpg,24280
6c36j1,porkslow,Dating a programmer,False,,966,https://i.imgur.com/61gC45x.jpg,26356
6c8ur6,FourNinerXero,I wonder...,False,,377,https://i.redd.it/gpgc6u4cglyy.jpg,22771
6ci53i,PresentlyInThePast,Client-side security.,False,,335,https://i.imgur.com/bYiIN56.jpg,22492
6dx9hm,cvjoey,Sterotypes...,False,,1155,https://i.redd.it/4im0yjap6c0z.jpg,26426
6ee70n,LegoLeprechaun,What's the point in declaring the data type of a variable anyway?,False,,788,https://i.redd.it/zg2r8snhgt0z.jpg,21679
6f8ory,BMJ,Launch a 90dB volume slider over 300 metres,False,,375,https://gfycat.com/PassionateOddballBlueandgoldmackaw,39611
6ftguq,Fenarion,How to tell if a developer is stumped,False,,872,http://i.imgur.com/TwHAbql.jpg,23152
6gjalr,MrTarantula,"Back in my day, you had to roll the volume up yourself.",False,,516,https://i.redd.it/xwlb42y2nx2z.gif,43970
6gpq11,MrTarantula,Pump up the Volume,False,,386,https://i.redd.it/yv6vv2vvt43z.gif,33962
6h7a7d,webcamdad_56,"If this post gets 4,294,967,296 upvotes, it might cause an integer overflow",True,,565,https://www.reddit.com/r/ProgrammerHumor/comments/6h7a7d/if_this_post_gets_4294967296_upvotes_it_might/,49125
6hhfah,DoubleTri,Happy Birthday Linux!,False,,689,https://i.redd.it/org2j5jv4v3z.jpg,47419
6hyigd,Aelaan_Bluewood,You will gain 50 Windows XP,False,,292,https://i.redd.it/imwrqiirxc4z.jpg,40359
6idxqo,AaronTheApe,Client Logic,False,,658,https://i.redd.it/iznqp1y5vs4z.jpg,23431
6j15a3,KoolMath,This Comcast user who set up a RasPi to automatically tweet Comcast when his internet is slower than he paid for,False,,1268,https://i.redd.it/umv2amy9ae5z.png,38965
6jmft4,alxw,Mixing security with micro-transactions $$$,False,,376,https://i.redd.it/cpq7aei6v06z.png,23792
6jz6l1,,CPUs,False,,636,https://i.redd.it/o33ryb4zfc6z.jpg,34637
6k40cb,Mark_dawsom,Working at PornHub,False,,1253,http://i.imgur.com/oqVSVYu.png,51334
6keu1p,EDM117,How long it takes to complete a task..,False,,570,https://i.imgur.com/XpD29gb.gifv,26743
6kmq6s,erkbot,We've all been there,False,,193,https://i.imgur.com/dR8jJaF.png,23450
6kvfqq,noirthesable,Grew up in a tech-y suburb. The graffiti by teenagers around here was a little... different.,False,,840,http://i.imgur.com/fW8kNcT.jpg,34699
6l9x91,computery,why are people so mean,False,,659,https://i.redd.it/29c679dlan7z.jpg,34992
6llocd,fstorino,my linkedin profile,False,,1336,https://i.redd.it/bka1gb843z7z.jpg,40010
6lvdth,mebeim,Can't really wrap my head around this one,False,,534,https://i.redd.it/g7r4mnsok78z.jpg,32696
6m1f1m,ToroZuzuX,I am incredibly unfunny,False,,663,https://i.redd.it/4ter8r8zud8z.png,21886
6m7z9o,Jaimehrubiks,Arrays start at one. Police edition.,False,,777,http://i.imgur.com/ehiodI5.png,27445
6mt7lw,Logstone,They should've thought of this one,False,,386,https://gfycat.com/FrightenedTameKillerwhale,24933
6nlmex,Biocyte,What were you doing?,False,,274,https://i.imgur.com/UT1ZJ8g.png,30729
6nsj9l,Ima_Fuck_Yo_Butt,I'm shamelessly karma-farming your sub. But I did think this was kinda cool.,False,,640,https://i.redd.it/29t0sudx35az.jpg,21353
6nyygc,dickdemodickmarcinko,Who needs passwords when you have security questions?,False,,633,http://i.imgur.com/NSmFQgg.gif,43174
6o0zqa,thegaythatnevercums,"Whoops, Sorry guys.",False,,332,http://i.imgur.com/HRS92VH.png,26560
6o7wwe,Drumma516,Found on Imgur,False,,273,https://i.redd.it/upzvm6o5ejaz.jpg,23348
6oi0xj,nixcraft,What people think coding is...,False,,834,https://i.redd.it/9nxwv2c0fsaz.jpg,35230
6povuj,pixelpython,"Hello, I'd like to hear a torrent joke",False,,392,https://i.redd.it/9nvs3lryiybz.png,21279
6t846s,FREEscanRIP,Meetings as a developer,False,,1014,https://i.redd.it/zr8if3gdtafz.png,28589
6tlo74,,8 rabbits..,False,,183,https://i.redd.it/x5ehl617qofz.jpg,23389
6u0tzw,thebesuto,"CEO: ""I want a creative time input menu."" - dev: ""HMB""",False,,383,http://i.imgur.com/peC9ccV.gifv,26914
6ukylm,cnewmanJax2012,Makes sense to me.,False,,426,https://imgur.com/IUlR5eA,22965
6xdf8l,MoaH00,Ok.,False,,292,https://i.redd.it/37mbebl3p8jz.png,27380
6xu5zq,WorldOfProgrammers,Ermm .. ðŸ˜‚,False,,775,https://i.redd.it/tg6itcen4pjz.jpg,39597
6yh5s2,kuthedk,Programmers writing an essay.,False,,869,https://i.redd.it/h3ziqig1uakz.jpg,22510
70bral,bhazero025,One of my CS teachers dropped this the other day,False,,422,https://i.imgur.com/gt7D8Ho.png,30308
70nwau,officialATEC,Interfaces... (X-post from /r/funny),False,,663,https://i.redd.it/h2fw2921igmz.jpg,32204
70u59e,benXP,A level computer science,False,,744,https://i.redd.it/mjotopibdmmz.jpg,23815
71hpd9,flyingrum,Call your friends,False,,329,https://i.imgur.com/w1wzecI.jpg,21337
72ilfe,flyingrum,Let's help them share their success,False,,701,https://i.redd.it/eu5xzc9y96oz.png,25763
72rki5,,The real version control,False,,970,https://i.redd.it/05b6u19pseoz.png,30856
73ppha,StevenMaurer,How users see security warnings...,False,,421,https://i.imgur.com/H0uVqFer.jpg,22277
746z6z,LiquicityMS,"Oh no, another retarded!",False,,1452,https://i.redd.it/4bn0iguq4spz.png,25536
74roql,Hawkstar,"What screams: ""I'm insecure""?",False,,297,https://imgur.com/ss0eq27.png,40935
752day,MarcellusDrum,What's New?,False,,237,https://i.redd.it/ypdufrd1mmqz.jpg,30569
76c4i0,robohuman,Story of my QA,False,,427,https://i.imgur.com/HPsGMLZ.jpg,28699
76k7x1,SuperscalarMemer,When people don't believe you that C is still used,False,,1170,https://i.redd.it/ze4x7u7y01sz.png,21756
77lulc,neerajmishra94,Job postings these days..,False,,903,https://i.redd.it/1d1vcexiezsz.jpg,39853
78al0y,kettlersOfsatan,All about that base,False,,405,https://i.redd.it/axxxl9pt2ntz.jpg,22772
79b6xs,ThePixelCoder,NVIDIA drivers,False,,549,https://i.redd.it/x6hhw4xcqluz.png,27741
79uq8g,CrazyTape,It's just that simple,False,,505,https://i.redd.it/gip50r3305vz.jpg,24261
7ansvq,Baconator004,Teaching my brother binary,False,,1045,https://i.redd.it/b5w2yc701vvz.jpg,28409
7arh47,skeleton_claw,Packet Loss,False,,361,https://i.redd.it/s5md3x8sezvz.jpg,34322
7b47sj,varunvora,How are students in Indian colleges taught programming?,False,,1105,https://i.redd.it/de2eczrgvbwz.jpg,21092
7bd1ko,,Know the risks,False,,413,https://i.imgur.com/ZeZP35F.jpg,27615
7cah9u,camosnipe1,looking at someone else's code,False,,309,https://i.redditmedia.com/tryqftS4a2p6ozxWqJeaPHhyxY7pe9no67-S6cyJjZU.jpg?w=720&s=1d782e545e5918626f7ab051a7892b98,22038
7dzvkr,angelorohit,This guy knows what's up.,False,,916,https://i.imgur.com/VUr8vVs.png,42801
7e9yj1,imeriem,Machine Learning,False,,182,https://i.redd.it/byb8w684o5zz.jpg,34143
7erko2,MoreGlasses,Programmer's Life,False,,439,https://i.redd.it/r64ksou8ljzz.jpg,26835
7eyrbx,parotta36,"""How to learn programming in 21 Days""",False,,541,https://i.redd.it/1fl5yi6bbpzz.png,29906
7f32sh,LunorTris,500,False,,625,https://i.redd.it/quivmsklxszz.jpg,40812
7g4iig,jontheboss,This is starting to become a daily occurrence for me [OC],False,,862,https://i.imgur.com/8brk9Qj.png,26162
7gg8ej,WILL_CODE_FOR_PIZZA,Who would win?,False,,680,https://i.redd.it/20wxatz71z001.png,34808
7gsmsy,CodeManReports,Getting a job at Apple,False,,467,https://i.redd.it/yv0fpjwjm8101.png,30617
7h05s0,Tyson100roxs,Me Irl,False,,364,https://i.redd.it/n3pfs6iibf101.jpg,25561
7h305d,CashewCraft,the one true solution,False,,460,https://i.redd.it/hdd9o4ugvi101.png,21443
7htzqt,ginjabeer,junior devs vs. senior devs,False,,585,https://i.redd.it/xd6wmk6mz6201.png,34259
7i77wn,II-WalkerGer-II,Found this beautiful piece of modern art in my office this morning.,False,,318,https://i.imgur.com/EHAg39B.jpg,36288
7inhye,-victorisawesome-,Very helpful,False,,264,https://i.imgur.com/Kac1inA.png,27519
7j20pj,alanglaispro,How did you learn C++? (open poll on facebook),False,,639,https://i.redd.it/xdcwcr6ija301.png,22525
7j9jri,oneplusoneisfive,SQL Clause,False,,533,https://i.redd.it/x6snxvaykg301.jpg,40348
7k36g2,pistacchio,So true it hurts,False,,402,https://i.redd.it/z57s2y56y5401.png,33478
7kf4ki,mcshankin,My friend just solved his frame drop issues,False,,545,https://imgur.com/GbOeVt8,36221
7klgvr,crzypcdude,Interface Design,False,,779,https://i.imgur.com/NMQ1Xu6.jpg,24417
7l0sry,sachintripathi007,When do we want what?,False,,373,https://i.redd.it/ipy3vvkma2501.jpg,40083
7l8f5n,jamesaw22,Software engineering pro-tip (from @chrisalbon),False,,715,https://i.redd.it/8uvcmqtpv8501.png,31279
7m7ccp,sachintripathi007,A machine learning algorithm walked into a bar.,False,,297,https://i.redd.it/wosfjh4e79601.jpg,30702
7mfyax,kirbyfan64sos,DROP TABLE christmas_dinner,False,,475,https://i.imgur.com/zBQLV79.png,27639
7n0u3e,Raykyn,I got a t-shirt for my birthday,False,,260,https://imgur.com/XGDck6d,24797
7n74m8,FiveYearsAgoOnReddit,Every modern detective show,False,,908,https://i.redd.it/u3i60r4vf7701.png,52150
7ne9tg,EdEddNEddit,Phases of software development,False,,528,https://i.redd.it/0ja6uu2a8f701.jpg,35604
7nl1ii,flyingrum,The scariest monster,False,,318,https://i.redd.it/j49aiwj60m701.jpg,25225
7opgff,,The best feature on mobile,False,,359,https://i.imgur.com/pt6Hrfo.png,39669
7p88zj,a1z1c1,Asking help in Linux forums,False,,956,https://i.imgur.com/eANE39G.png,36228
7qcs6u,allan_collins,Only on Thanksgiving,False,,476,https://i.redd.it/6apwvu1282a01.jpg,36635
7qrej8,,REAL Screenshot from Hawaii Warning System (ACTUAL!),False,,523,https://gfycat.com/QueasyGrandIriomotecat,60801
7qu2hj,NeverMakesMistkes,Don't Dead Open Inside,False,,394,https://gfycat.com/ChubbyDeafeningAfricanelephant,76235
7r17en,abhink28,You're all wrong. This is why it happened.,False,,666,https://i.redd.it/e3w944wmyma01.png,60956
7rpewt,LukyQuad,Stolen from TechLad,False,,305,https://i.redd.it/jk2ddtjxv6b01.jpg,47590
7s3sj6,aanandshekharroy,The only true graph.,False,,382,https://i.redd.it/d0dxcnw57kb01.jpg,25532
7se7s1,Busti,The old Intel logo makes sense now,False,,222,https://i.imgur.com/5dq3rHZ.png,21907
7suuj9,ginjabeer,How to get funding,False,,716,https://i.redd.it/0qjto10dh6c01.png,35042
7tnsu7,QueueTee314,young kids these days,False,,297,https://i.redd.it/2yqtweb51wc01.jpg,21837
7ue7i5,moisespedro,Didnâ€™t think Oracle was that bad,False,,730,https://i.imgur.com/xvOzIkw.jpg,22365
7uugy8,NelsonBelmont,I'd rather JavaScript,False,,1301,https://i.redd.it/sj9x6fvb5vd01.jpg,25656
7uyafj,sachintripathi007,"Roses are Red, Violets are Blue.",False,,355,https://i.redd.it/qpoxmn5qoyd01.jpg,26921
7v1not,SirTempo,What turns you on?,False,,447,https://i.redd.it/irzki3n8x1e01.jpg,21254
7vmoa9,Mr_M00,Debugging,False,,342,https://i.imgur.com/DSEK2uI.jpg,28590
7w4lcw,mount2010,[X-post /r/pics] Are you nervous to see me on your flight?,False,,467,https://i.redd.it/sd72mfmj7ety.jpg,21460
7wdspj,cheese-power,Timezone Support,False,,553,https://i.redd.it/syw7q6gc77f01.jpg,31255
7wjyuz,ApostOnReddit,I feel bad too,False,,662,https://i.redd.it/7njisi7d2cf01.png,31202
7wruqg,ionisedhelium,The canadian government gets it,False,,359,https://i.redd.it/1p4jlh6zujf01.jpg,22076
7wupl6,jcm95,My parents aren't home,False,,232,https://i.redd.it/r2r1tsdasmf01.jpg,27694
7x2ugb,ribbet,Let's encrypt,False,,753,https://i.redd.it/hfd9ok7bstf01.png,34012
7xb5l9,pablostanley,"As a designer, this is me every time an engineer helps me.",False,,1325,https://i.redd.it/g587rx8jp0g01.jpg,33551
7xxweo,oOBoomberOo,Whats your?,False,,1282,https://i.redd.it/zoro5smsyjg01.png,24656
7y81sn,Ninjakoopa94,How to fix rendering issues,False,,207,https://i.redd.it/uhk2crws7tg01.png,21078
7yhv6z,abababbb,HACKERMAN,False,,541,https://i.redd.it/6zrgav7qq1h01.jpg,22120
7yqbso,dancinghotdoggy,When you're a full-stack developer but still want to credit everyone,False,,256,https://i.redd.it/wathyqu6m8h01.jpg,21212
7ywbu2,trg57,When opportunity knocks,False,,245,https://i.redd.it/b8p0ikpwpdh01.png,30480
7z2715,fiftycentcarwash,My local supermarket stocks the Raspberry Pi magazines in the cooking section,False,,235,https://i.redd.it/ew0iwku8ehh01.jpg,25516
7zfgwg,Drezynit,FrontEnd VS BackEnd,False,,675,https://i.redd.it/ku1neu504sh01.jpg,37950
7zo253,KeyboardNinja27,When you need some motivation,False,,1079,https://i.redd.it/u75upv8ltyh01.jpg,32197
7zst0y,soggybread1_74,I thought it was impossible,False,,226,https://i.redd.it/mnlwvw8mz1i01.jpg,22387
80ca38,savioor,programming irl,False,,883,https://i.redd.it/66ap5fx1iji01.png,37765
80hu7d,acukovic,Zero,False,,1197,https://i.redd.it/es3mcnjwani01.png,56186
815tko,WeeklyRecommendation,A True Programmer Don't Comment,False,,612,https://i.redd.it/1lzym5zv16j01.png,22203
81bxz2,unix15e8,Every time before a deployment,False,,207,https://i.imgur.com/pIwVGwp.gifv,22255
81re59,PhitPhil,Why I never worry about function or class parameters,False,,791,https://i.redd.it/fe96ionbykj01.jpg,22290
81ybn9,bornforcode,"There is a thin Line Between Hate and Love, and that is ...",False,,207,https://i.redd.it/fv5apa4hnrj01.jpg,25006
82e784,cstefanache,Focus,False,,816,https://i.redd.it/o1gnotfxi4k01.png,42634
83pzvp,_MadPsycho_,Iâ€™d still need a 2nd monitor.,False,,431,https://i.imgur.com/iDtc7FO.jpg,25803
83vsie,MarkusA380,HeckOverflow,False,,1216,https://i.redd.it/2k1ut81gpcl01.png,46049
842b0k,Mr_M00,The Struggle,False,,423,https://i.redd.it/jldb0s8xfhl01.png,23599
84huo3,Tiavor,Working on a light theme,False,,686,https://i.imgur.com/X6Ft7Zw.jpg,25370
84vsoo,calantorntain,Everyone's doing it!,False,,359,https://i.redd.it/w546ujwux4m01.png,43974
85a6n7,SingleWalnut,Gru tries recursion,False,,288,https://i.redd.it/0wap3cp4khm01.jpg,45236
85jsp6,,"If debugging is the process of removing software bugs, then programming must be the process of putting them in.",False,,244,https://i.redd.it/ovmasg0cbqm01.jpg,21378
86puxe,fuck_the_hihat,The complexities of a shitpost.,False,,273,https://i.redd.it/px06bm9f5mn01.png,27515
8707ac,DanGee1705,No need to tell me why.,False,,454,https://i.redd.it/6dpjhm34dwn01.png,28912
872kzi,Xevitz,Why developers don't sleep,False,,358,https://i.redd.it/dfvbkvoccyn01.jpg,39190
88gniv,MattHazelnut,"Old meme format, timeless JavaScript quirks",False,,443,https://i.redd.it/4skcofasa1p01.png,26541
89ze1y,napolux,Slide about blockchains...,False,,942,https://i.redd.it/89yr854d63q01.png,24425
8az945,,[IMAGE] True story,False,,333,https://i.redd.it/9f8vyigbiwq01.jpg,23835
8bcpmx,MrMusAddict,"When you set a goal for your neural network, and it *technically* has the correct output.",False,,843,https://gfycat.com/GoodnaturedSnoopyHellbender,34132
8bh21u,redditandom,[Not OC] Zuckerborg.drink(),False,,400,https://i.imgur.com/DYNIfoG.gifv,35079
8cawpp,MetaGazon,They do it to themselves,False,,385,https://i.imgur.com/MFbuqDw.jpg,21849
8cp62j,Jazzooi21,à² _à² ,False,,365,https://i.redd.it/ak5yxckqzas01.jpg,25224
8cw2qx,,Comments,False,,339,https://i.imgur.com/Ivpko1Q.jpg,23097
8dqbei,oshaboy,Decided to make a classic meme,False,,483,https://i.redd.it/vw5hzy3884t01.jpg,23003
8ec1ae,Willielilja,When you ask your british friend what that unmoving black thing is,False,,335,https://i.redd.it/xnuqlq859ot01.png,39185
8efe93,,There... I said it.,False,,810,https://i.redd.it/366dvrmgeqt01.jpg,24322
8ek3ot,,Shots were fired in my Discrete Math textbook,False,,1053,https://i.redd.it/x9vlbv8frut01.jpg,52314
8faba5,cuddleswithsloths,No discrimination here...,False,,360,https://i.redd.it/4fcxv1ai5fu01.jpg,24696
8g6fbq,tquinn28,Very very Helpful,False,,207,https://imgur.com/eM0QdUI,27247
8gne76,imnessal,Assume that SO employees also answer questions...,False,,742,https://i.redd.it/dvrd5zwr7kv01.jpg,36669
8h1fq4,PhilJav3,College notes war,False,,945,https://i.redd.it/b02bj2g9tvv01.jpg,29500
8hfd1j,BattleCate14,Learning programming to..,False,,459,https://i.redd.it/cfkgkauvr8w01.jpg,39716
8huzrw,cstefanache,Code reuse,False,,303,https://i.redd.it/6l1uhcs69lw01.gif,22930
8hwu3u,CSMarco,Debugging explained,False,,190,https://i.imgur.com/d5iUpYL.jpg,22411
8i6w6m,iMPose27,I feel like one of these books is misleading me,False,,534,https://i.imgur.com/TOcRdNw.jpg,41012
8inqk7,Rainymood_XI,A machine learning joke (credits to u/z0ltan_x),False,,267,https://i.redd.it/5iue845oa8x01.png,35638
8it3gy,KaptainKickass,I just need to learn how to get faster,False,,404,https://imgur.com/FzdARaX,41113
8j2jeo,_styg_,this week on r/ProgrammerHumor,False,,207,https://i.redd.it/b7pbox703lx01.png,22114
8j5qim,Captain_Droid,Progress,False,,355,https://i.redd.it/r1h87waoznx01.jpg,31099
8ja84m,Ginterhauser,Quora is truly a magnificient place,False,,479,https://i.redd.it/yb6n2d0ynrx01.jpg,21231
8jbf8v,cte3X,sad,False,,293,https://i.redd.it/1ze5yv0e1tx01.jpg,27346
8jtxrn,InfinityTacos,The best way of saving your code,False,,394,https://i.redd.it/tz6njzcf67y01.jpg,24782
8krygv,drgb_hash,"Well, JavaScript",False,,875,https://i.redd.it/ndhva1i4tzy01.jpg,23231
8l9ym5,kajri,A Perfect Answer!,False,,349,https://i.redd.it/c8ez764xrez01.png,31806
8lt4gg,Last_Snowbender,"Sometimes, I wonder if non-tech friends wonder about my search history ...",False,,392,https://i.redd.it/ne3mgrzdetz01.png,26799
8n0jnf,HealsOnWheels,Turn out the lights >:o,False,,652,https://i.redd.it/779deiw3pt011.jpg,22742
8nqbyr,TheTostu,"Petition to change upvotes and downvotes into ""++"" and ""--""",False,,415,https://i.redd.it/8k9gjsb9pc111.png,26874
8nwyma,NickDav14,C++ is a beautiful language,False,,609,https://i.imgur.com/1LUysfW.png,24827
8o5uwg,90059bethezip,God tier cyber security,False,,307,https://i.redd.it/1iavece0fp111.jpg,27547
8og732,Johnobo,Alternative Math,False,,378,https://gfycat.com/OffensiveFarflungBluefish,21833
8orrr3,stefvanschie,Everything will be just fine!,False,,334,https://i.redd.it/fowf2ewub7211.png,26289
8oyndj,uvero,Calm down. Microsoft already knows enough about you...,False,,893,https://i.redd.it/k9kvevzj0c211.jpg,23959
8p54sk,iskandergaba,Reporting Errors,False,,948,https://i.redd.it/wzr2x3zklg211.png,23456
8p96r8,rahuldottech,yes,False,,216,https://i.redd.it/kyyumwk62k211.png,31401
8pb96l,,I'm terrified,False,,789,https://i.redd.it/yeye5ye3ll211.png,29977
8pq7n4,sachintripathi007,That's not AI.,False,,1257,https://i.imgur.com/OjnRkW8.png,37969
8pzsua,patidarayush11,Git blame !!,False,,233,https://i.redd.it/orxzkhzf95311.jpg,21119
8qxgmx,,Why is XKCD so right so often?,False,,568,https://i.redd.it/3eggi3ph1v311.png,21724
8rbmh9,derfl007,AI you say?,False,,744,https://i.imgur.com/jOo627t.jpg,40965
8rik7h,PandaPie5,Best 404 page,False,,574,https://i.redd.it/mnghlm1xbc411.png,56579
8rq9dm,krisitof,Canâ€™t wait!,False,,312,https://i.redd.it/1r383mf6jj411.jpg,23385
8s5nes,Tossrock,These smart fridge login pages are getting out of hand,False,,323,https://gfycat.com/EarnestPopularLaughingthrush,28679
8s98lc,sitefall,Does HTML-humor count as ProgrammingHumor?,False,,550,https://i.redd.it/o6r6voylvy411.png,36047
8stcxy,markyonolan,How times change!,False,,802,https://i.redd.it/xdeuvueutd511.jpg,44346
8tgg5o,BaconGuyWasTaken,What is programming?,False,,422,https://i.redd.it/0o0ie0mmpw511.jpg,26757
8tkr0i,Magn3144,Wholesome thinking for programmers :),False,,277,https://i.redd.it/hyx22fjng0611.png,23586
8ty4vl,vivlam,We do it well,False,,408,https://i.redd.it/9zetr2frta611.jpg,33015
8u86dx,kajri,Time To Die,False,,284,https://i.redd.it/ybg7fsuhhi611.jpg,22062
8ucytx,Lamkac,I made volume slider where you can't select numbers divisible by 2 and 5,False,,933,https://v.redd.it/8y9yd5t4ql611,21714
8uikre,DripleTT,Seat only for disabled people.,False,,589,https://i.redd.it/c8u49zjv5p611.jpg,25637
8upz10,,"Graduated today, I'm more proud of my yearbook quote than my diploma and awards",False,,428,https://i.redd.it/g5xau2tw0v611.jpg,23153
8utp79,Working_Robot,Oopsie woopsie!!,False,,583,https://i.redd.it/xrdh1q4jdy611.jpg,27853
8v024m,TheEternalGentleman,Kill me now :),False,,497,https://i.redd.it/xxeyh0e833711.gif,45668
8v4080,ccooldean,yOU HAVE NO IDEA,False,,687,https://i.redd.it/rhs7em88p6711.jpg,41562
8vdox2,-victorisawesome-,From an Ask Reddit thread about bullshitting your way into jobs,False,,503,https://i.imgur.com/ZUSro1s.png,27145
8vr4ll,cstefanache,That feeling...,False,,273,https://i.redd.it/o7tiyvkgmp711.png,26109
8vzb6v,s8sachin,Here's your Client ID,False,,220,https://i.redd.it/biw49eq2gv711.png,23935
8w1xlg,Hselmak,//No Comments,False,,300,https://vgy.me/0ZOGpb.jpg,34051
8x921g,llevon,Great so far,False,,263,https://i.redd.it/qye7y8hgcv811.jpg,26813
8xdgdk,scaleable,I have finally become a senior,False,,333,https://i.redd.it/atsdhmg8by811.png,31628
8ya91v,ConesWithNan,My life this semester,False,,459,https://i.redd.it/7bl8vcgp0j911.png,30412
8z0bky,resueman__,Deadlines,False,,734,https://i.imgur.com/oZFie9f.gifv,61194
8za9b6,Nixsy924,Hello! I am your server for today!,False,,165,https://i.redd.it/5buza74dtaa11.png,22479
8zwwg1,techybug,BIG DATA reality.,False,,720,https://i.redd.it/qw1bd4xxeqa11.jpg,39769
904mko,Sheep_tester,Password input with extra security,False,,353,https://gfycat.com/PointedOptimalFrog,29903
90ew6o,kajri,Every Time,False,,769,https://i.redd.it/ytitd72wz2b11.jpg,50112
91728i,jefhee,if(Enemy.Distance < 10) Enemy.Attack();,False,,605,https://i.redd.it/lx1m7pqc9pb11.jpg,24645
91haf8,Vpicone,Keep them on their toes...,False,,546,https://i.imgur.com/s2xQ99o.jpg,26238
92uhu7,eNJAy145,Whats the best thing you've found in code? :,False,,1589,https://i.redd.it/8a5ccw86uvc11.jpg,52750
93eq0e,Waynell_17,Everytime,False,,287,https://i.redd.it/mdjsol1eiad11.jpg,27798
94grzd,MylesOnReddit,Job offer written by HR,False,,684,https://i.redd.it/pasoyucdh0e11.jpg,43726
9518m2,vasilescur,How likely are you to recommend Docker to a friend?,False,,628,https://i.redd.it/zqb2a6mv4he11.png,24327
95c3yf,CAtOSe,"And after a break, you don't remember anything",False,,381,https://i.redd.it/w1ra573ploe11.jpg,22612
9600jq,dabausman,True,False,,939,https://i.redd.it/uiilx27el4f11.jpg,30532
96in6i,zackh105,Machine Learning,False,,523,https://i.imgur.com/Q1QfZ92.jpg,27827
97gzyy,reremass,So true!,False,,524,https://i.redd.it/sinckrscc8g11.jpg,33930
97p4qw,computery,Very clever...,False,,280,https://i.redd.it/qlqb8ch1sdg11.jpg,30152
97yflz,Egevesel,Know the difference,False,,343,https://i.redd.it/0k7yrif7bkg11.jpg,22971
98b7vn,_bit,Now thatâ€™s dedication,False,,413,https://i.redd.it/xpnb8ey0eug11.jpg,22917
98nc7h,SpaceboyRoss,Hobbit,False,,142,https://i.redd.it/2s46ydgs14h11.jpg,21236
98rjb3,disky_wude,The indentation debate just ended!,False,,555,https://i.imgur.com/KhfJjVj.jpg,24882
99esk3,kirbyfan64sos,How to make your users love you 101,False,,773,https://i.imgur.com/aUIJYKk.png,47055
99y3ez,gautamtushar21,smooth criminal,False,,379,https://i.redd.it/wqlp305622i11.jpg,32178
9awxap,boolean_madness,Building a raft,False,,227,https://www.monkeyuser.com/assets/images/2018/103-building-a-raft.png,37026
9bhn6z,Venax19,Logic gates,False,,278,https://i.redd.it/7bgm3ixhr6j11.png,23441
9btb1h,JackDragon,Some probably proposed this and got shut down by the marketing team.,False,,313,https://i.redd.it/ekxxnn4s6fj11.png,31675
9c6xdn,,"They say it's the most satisfying feeling in the world, following peeing after holding it in for hours",False,,337,https://i.redd.it/ixy5mcvh7pj11.jpg,23027
9d9xay,eldzz,It's a marathon,False,,253,https://i.redd.it/tyqgygu40hk11.jpg,28531
9dmexz,OscariusGaming,Programming_irl,False,,787,https://i.redd.it/0xonwsltbok11.png,38761
9dtvph,memeingfull,When a coworker wants to do a code review,False,,381,https://i.redd.it/hk54ti5n6tk11.png,40121
9eeke6,Kre22,Words to live by.,False,,187,https://i.redd.it/ifk7i2iqu8l11.png,24491
9f8rwu,Darkmakers,Code review gone wrong,False,,230,https://i.redd.it/lceq6bikttl11.jpg,30251
9ffoak,mauriciolazo,My sad github repo.,False,,417,https://i.redd.it/hqculc19byl11.jpg,24570
9fjucn,ElectricFuneralHome,From my wfh training,False,,170,https://i.redd.it/e5r6yjr4g1m11.jpg,23732
9fynij,jhawkins93,The real heroes of computing,False,,217,https://i.redd.it/cp3lw4qmtbm11.png,22304
9g5grd,flightsin,2019 gonna be an interesting year for the EU,False,,958,https://i.redd.it/v0pj6vfr7hm11.png,35141
9gah9v,ZeroIndexed,Is this the right place to post this?,False,,709,https://i.redd.it/qsbkmaqnplm11.jpg,53815
9gj2e9,ariehkovler,Optimizing startup times,False,,506,https://i.redd.it/xuwcl2v7xrm11.png,44981
9gtq70,awesomearti,Lady Gaga tries to exit Vim,False,,443,https://i.redd.it/auqmgt4b8zm11.png,24152
9h0362,invoker_11,The best one so far ðŸ˜‚,False,,206,https://i.redd.it/iyqqpv2j33n11.jpg,28340
9hlqyq,the_dank_cthulhu,"Print (""got this far"")",False,,460,https://i.redd.it/z60ycp65gin11.jpg,23913
9hrzbu,kaiiboraka,"""If Sci-fi Movies Were Realistic""",False,,457,https://imgur.com/3uIohbn,35139
9hyhns,thomhurst,Working on personals projects like...,False,,352,https://i.redd.it/yh7mqqlyfrn11.jpg,27793
9i38ho,Wargon2015,Understanding Programming,False,,411,https://i.redd.it/r12uihr5cun11.png,24329
9iqkub,Narase33,Work in progress,False,,262,https://i.redd.it/90pmxb7cpco11.jpg,26251
9jmf42,NEDM64,Why can't I log into anything?,False,,416,https://i.redd.it/br0o7w6m0zo11.jpg,28647
9jx3vz,nuephelkystikon,I'm getting second thoughts about whether accepting this job was a good idea.,False,,745,https://i.redd.it/jm8b5iwoq6p11.png,31128
9k9r0q,Ethda2,Why are you running?,False,,130,https://i.redd.it/xr98nuk8sfp11.png,21405
9kmyh4,Electric_Powder,The great fuckup of my version of pong,False,,599,https://i.redd.it/yb5a94grpop11.gif,30590
9mgqq3,Dregar17,Everytime I code in C!,False,,748,https://i.redd.it/2h6nlob8uzq11.jpg,24098
9nk4es,PixxlMan,I think not...,False,,546,https://i.imgur.com/UYJIm2E.jpg,37270
9nvvym,farspace,Change my mind.,False,,543,https://i.redd.it/qkui3974vzr11.png,23550
9o28a4,kool9890,"Well, the debate is settled then.",False,,358,https://i.redd.it/03tdc6q565s11.jpg,24955
9ozauu,Ryan778,A more accurate representation of what happened with YouTube,False,,855,https://v.redd.it/1a5v9jrodrs11,88776
9pp9hj,isUsername,2018 on the web,False,,819,https://i.imgur.com/EoNd3ev.gifv,53043
9pu70l,ldmarz,"That feel, I u just love it",False,,241,https://i.redd.it/itb9y04ufct11.jpg,21238
9qk4y3,aman4400,Is it really BIOS ?,False,,464,https://i.redd.it/hfrkbhgl6ut11.jpg,26365
9qpnv4,SoulEater_,Just saw this on LinkedIn. Idk if itâ€™s been posted here before,False,,209,https://i.redd.it/eiztcf9h7yt11.jpg,23370
9qy9yr,behindthedash,Programming is like magic,False,,514,https://i.redd.it/csnjksoix3u11.jpg,30380
9r42qz,,Godâ€™s developer console,False,,1169,https://i.redd.it/n4bte8jxe7u11.jpg,23997
9rqms9,BrokenAdmin,What SHOULD happen.,False,,471,https://i.imgur.com/8spsUjN.jpg,41459
9rugif,SteeleDynamics,I'm not allowed to color with the kids anymore.,False,,315,https://i.redd.it/hh5645dkiqu11.jpg,26985
9s9kgn,Real_Iron_Sheik,No-nonsense sorting algorithm,False,,412,https://i.redd.it/x9triplll1v11.jpg,28262
9sp3yn,Kennybeballin,Programmer Meet and Greet,False,,531,https://v.redd.it/oh5yk156fcv11,25063
9tuph3,mineclash92,Was watching anime and got hit too close to home,False,,417,https://i.redd.it/ghe36pqac0w11.jpg,26927
9u2cx6,MaxIsJoe,Updating your project is such a a pain sometimes,False,,261,https://i.redd.it/n367ae51iaw11.jpg,30438
9ubw9a,flyingrum,Bash history is always there when you need it,False,,520,https://i.redd.it/zquyhpbh4hw11.gif,27005
9v7i1w,Schrodingers_Cow,That's just IntelliJ indexing,False,,383,https://i.redd.it/0p5ocq2dr1x11.jpg,21117
9vh4vz,Jakeob28,READMEs are just suggestions anyways,False,,341,https://i.redd.it/a5skfy5y88x11.jpg,43874
9vmkzz,ZuccFaceberg,Aiming for those partial points.,False,,426,https://i.redd.it/q8upiiorecx11.png,28921
9vsba2,haxor0,True shit,False,,216,https://i.redd.it/hhd6myb1agx11.jpg,28433
9wokd9,dtaivp,When a user tries to tell you what the data from your program means,False,,305,https://i.redd.it/ih6pd9veb3y11.jpg,29205
9wywve,Minenik,Computing in the 90's VS computing in 2018,False,,1126,https://i.redd.it/3ccte1w6w9y11.png,31226
9xat04,ashtonmv,The Ancient Code,False,,514,https://i.redd.it/c8cw76gmohy11.jpg,37961
9xj59n,BumpyBallFan,Running tests be like,False,,387,https://i.redd.it/m91rkvstlmy11.jpg,27075
9xmn14,tomzorzhu,"""What was the previous electrician thinking?""",False,,548,https://i.imgur.com/Qj6ttXA.png,53891
9yh0rd,dramkar,Marge Sort,False,,278,https://i.redd.it/ke79d99ynaz11.png,23592
9ykp1z,del6022pi,I'm building a lean-angle and acceleration logger for my motobike. This is my proof of concept.,False,,334,https://v.redd.it/pa8r2ck5mcz11,28963
9yxgls,,who has time for full sentences,False,,258,https://i.redd.it/hl8uh7e3ikz11.jpg,21843
9zflz9,MrLambNugget,There's meowing duck in Amazon source code,False,,383,https://i.redd.it/zcgf35jkuwz11.jpg,30453
a00but,ElCapitanBeans,Donâ€™t call yourself a programmer unless you code like this...,False,,441,https://i.redd.it/4niaylcgdb021.jpg,39703
a0vspr,rJohn420,The samurai were wise indeed,False,,250,https://i.redd.it/53n9ct4k5w021.jpg,40452
a14wif,CrushedPixl,Nvm I figured it out,False,,386,https://i.redd.it/7khgt29lp1121.jpg,39458
a2c4gg,Portaller,"Quality ""Assurance""",False,,664,https://i.imgur.com/5DlqfCl.jpg,63941
a2z8u1,theemptyqueue,"Admit it, youâ€™ve been through this at one point or another.",False,,336,https://i.redd.it/dqni5kxwe8221.jpg,21414
a40oog,AnneOldman,It do be like $this,False,,182,https://i.redd.it/xn1c116efv221.jpg,21227
a4um0w,cuppanoodles,Feel the shame,False,,250,https://i.redd.it/mjtasdr3jf321.jpg,32378
a4z7wj,Regis_Ivan,The conception of time,False,,460,https://i.redd.it/dlytzobubi321.png,27798
a552ol,LadyGlitch,One of my better comebacks.,False,,415,https://i.redd.it/ubqnr5mp1m321.jpg,33595
a5mghb,spiderpig2099,The importance of knowing how to correctly use the while loop,False,,674,https://i.redd.it/6wksqjmmyw321.jpg,44088
a6g2kc,ProlixNazi,Just found this gem on r/AskReddit.,False,,264,https://i.redd.it/1hruw42iog421.jpg,25921
a6rkoa,splatterghost,The pains of CSS,False,,596,https://i.redd.it/ig5u8ke5qo421.png,55350
a72rmf,LeMonkeyInDisguise,but how will i know if it works?,False,,454,https://i.redd.it/a2bs5stqyv421.png,28384
a7gkvw,ProbablyJeff,"It sucks, man.",False,,355,https://i.redd.it/jm48nisze4521.png,31674
a7qhyz,reallyeric,True engineering,False,,238,https://i.imgur.com/YhDcN0F.jpg,32452
a818p9,,Why must you torture me this much,False,,344,https://i.redd.it/dc9o7ca8eh521.png,25158
a886kd,i_amgmk,The unsung heroes.,False,,563,https://i.redd.it/j0hpzz0djl521.jpg,29798
a8f90g,Soheibo,Everytime,False,,519,https://i.redd.it/1c04384clp521.png,36408
a9opnq,Squid2g,Someone forgot to debug their coffee cup design,False,,684,https://i.redd.it/4r8y098nnm621.jpg,27941
a9zenx,Christi123321,Professor Overflow,False,,143,https://i.imgur.com/ZJj4WlR.jpg,24587
aaljf3,aman4400,But the code that needs comments in order to be understood is bad code.,False,,449,https://i.redd.it/xfpdmg7678721.jpg,23869
abgzw5,southpolebrand,Are you a Rockstar Developer?,False,,586,https://i.redd.it/ujopipl69s721.jpg,25770
abm73r,CSThr0waway123,Every programmer's worst nightmare,False,,607,https://i.redd.it/t2gf2opeqv721.jpg,26422
absz9t,Repsack,"Not to buy into the trope, but",False,,287,https://imgur.com/PDvfQ9k,25917
ac6cc1,,It really is,False,,386,https://i.redd.it/16bicltv08821.png,30939
acgqbf,JustFunkedUp,Rust vs. C,False,,739,https://i.redd.it/6qrlv00ppd821.jpg,23152
acmjps,,It's rewind time,False,,594,https://i.redd.it/5rjreh3czg821.jpg,37511
acxcdn,xxgetrektxx2,You know it's true,False,,1175,https://i.redd.it/030yqqqlpn821.jpg,57435
adqxng,TheEternalGentleman,"AI is the future, folks.",False,,198,https://i.redd.it/aiv0y919v4921.jpg,26408
ae6jse,Nortmar,error: stray '\360' in program,False,,398,https://i.redd.it/49kes5zy9e921.png,24051
aen7ou,liftislyfe,Please help,False,,697,https://i.imgur.com/wtlAGRj.jpg,30217
af5m5o,lexicon_social,"Are most of us somewhere in the middle, or is it just me?",False,,623,https://i.redd.it/tlsmy4ekfy921.jpg,22180
ag3u6c,krupzdesai,I'm something of a scientist myself..,False,,297,https://i.redd.it/8xemd0pb4ia21.jpg,32790
ag93xr,,if (!DoingWork()) { goodboy.init(); },False,,280,https://i.redd.it/unmbi2rmlla21.png,31357
agl6yx,The_Monoscope,Big fan of the early work,False,,119,https://i.redd.it/xdai0pxkfsa21.jpg,25171
ah2zlm,tomzorzhu,Why programmers like cooking,False,,428,https://i.redd.it/33zxh2st02b21.png,48378
ahlqai,Mastersulm,The sad reality of UI,False,,897,https://i.stack.imgur.com/fvdkb.png,33196
ahwm2z,mathsgeekiguess,Yup. We don't deserve dogs,False,,392,https://i.redd.it/arnsr9z2akb21.png,25448
aiddhe,mayankkaizen,Global variables,False,,632,https://i.imgur.com/YFwBkVK.jpg,32791
aiqhsr,And_G,Frontend vs Backend,False,,273,https://i.imgur.com/pcK7QkY.jpg,28791
aiyjui,remicmacs,When I am the only dev in my team and something breaks,False,,377,https://i.redd.it/ygjaybp2l5c21.jpg,33318
ajf4w0,Bombtrust,This new Google Translate update is really helpful,False,,535,https://i.redd.it/5spbh162vec21.jpg,28416
ak026v,Abhishreknado,"Aah yes, C++, my favorite soft drink.",False,,480,https://i.redd.it/k8cv76jr3rc21.jpg,23080
akq7vf,,How to look busy at work,False,,493,https://i.redd.it/otholte0h7d21.png,29854
aloi5v,geekrohan,Programmers know the risks involved!,False,,2916,https://i.redd.it/cz9vaej8tqd21.jpg,86460
amfmzr,dgtyn,Instructions unclear,False,,184,https://i.imgur.com/SAMw7Pw.jpg,37090
an4x21,Xaphedo,"...what exactly does ""mine"" mean, here?",False,,482,https://i.redd.it/rh9mc32vlle21.jpg,24487
anarl2,lemlamlureles,Violates the department standards,False,,490,https://i.redd.it/xnofhpu8moe21.jpg,21681
animid,fague_doctor,Big oof,False,,249,https://i.redd.it/fh69y2a4dte21.jpg,30767
anqbjw,trumpets420,Facebook splitting up the word â€œsponsoredâ€ to sneak past adblockers,False,,913,https://i.imgur.com/ZiH6uCA.jpg,29206
ao2hn7,Callmealbi,Spotted on GitHub ðŸ¤“,False,,956,https://i.redd.it/pfk3p4fuk4f21.jpg,54673
aofipa,sagondiz,"No to IDEs, no to vim and emacs. Real programmers use pen and paper!",False,,622,https://i.redd.it/rrie9hkcvbf21.jpg,21226
aokjhr,Scutman,Those damn floats...,False,,345,https://i.redd.it/ajuaqnthjef21.jpg,33304
aoqfwf,dodaDev,He will drop production if scared!!,False,,639,https://i.redd.it/1mq0xodq3if21.jpg,33581
ap5msy,bot_hunter101,Every CS student resume ever,False,,583,https://i.redd.it/er2sco8rsrf21.jpg,34033
aphynz,andhemac,Thatâ€™ll do it for most folks.,False,,1162,https://i.redd.it/mbvxeiqtuyf21.jpg,30175
apr5iw,mraza007,Math + Algorithms = Machine Learning,False,,258,https://i.imgur.com/nCOQ77f.jpg,21694
aq4isw,Chron0_,Time flies when your doing nothing,False,,225,https://i.redd.it/6inluhemsag21.jpg,29823
aq7cs6,Fixing_Gaming,Most definitely...,False,,167,https://i.redd.it/xkb3f8aancg21.jpg,21203
asejke,parabola949,Every day at work...,False,,201,https://i.redd.it/15ethpe8xkh21.png,25814
asuect,,An interesting title,False,,187,https://i.redd.it/6h95i19jpsh21.jpg,24313
at1n7l,davidep99,I think this belongs here,False,,442,https://i.redd.it/wq4fs51bfwh21.jpg,29516
atfn7z,Sylocule,Accurate,False,,386,https://i.redd.it/0glcvbrpc3i21.jpg,26366
auk94z,ioncodes,Someone please help this man!,False,,530,https://i.redd.it/jrc1plsv9pi21.png,35437
auvi1d,sambhal,PythonScript,False,,625,https://i.redd.it/tsmmgdxmkui21.jpg,32897
av0bjv,depressionsucks29,Its all about the algorithm,False,,722,https://i.redd.it/gi2qvbptfxi21.jpg,23540
avj910,Due_Run,Developers..(:,False,,422,https://i.imgur.com/Cw7KIM1.jpg,50772
awt2lx,MatrixSenpai,"Everyone knows devs use dark theme, why is Stack Overflow light?",False,,482,https://i.redd.it/zlj2aiv0zvj21.jpg,23374
axmdcz,Makaan1992,That took a wild turn,False,,692,https://i.redd.it/6fttplx5kbk21.jpg,33128
azdnyl,EliteRaids,Once is never enough,False,,462,https://i.redd.it/d2zwx0bk29l21.jpg,27935
b252lc,tortikolis,Javascript pain...,False,,484,https://i.redd.it/ht1h18yqhom21.jpg,31533
b3ifnq,smokeymcdugen,7 years in this profession and I haven't looked at them once,False,,577,https://i.redd.it/prq8z630ocn21.png,23058
b4jfr7,SlickKi11a,I canâ€™t be the only one...,False,,588,https://i.imgur.com/CE6bD2K.jpg,22863
b4shio,Araucaria,Answer to a coding interview question: how do you reverse a linked list?,False,,501,https://i.imgur.com/fj4dVFa.gifv,21587
b5926v,CodingEagle02,Non-programmers be like,False,,673,https://i.redd.it/kh0qwd02v8o21.jpg,21453
b6gjn3,ManicMonkOnMac,What's the most fucked up thing you've done for money?,False,,564,https://i.redd.it/al34h9bstto21.jpg,23264
b7mlgt,UnknownDeveloper,Programmers :D,False,,1281,https://i.redd.it/42wqsid3sfp21.jpg,23951
b9q50q,theo-pants,When QA takes a shot at Developer Releases,False,,544,https://v.redd.it/y0409xhonfq21,23983
baxpsb,,It'll be like that sometimes,False,,547,https://i.redd.it/gj5mfo8793r21.png,31824
bb6hhh,nwbogdan,I found this on an old Git account,False,,749,https://i.redd.it/9jde8sxby7r21.png,36180
bbj8sn,Tomentos,My friend asked me how to stylize his website,False,,417,https://i.redd.it/16tv0yie4er21.jpg,22730
bd12z4,Tikolu43,*careful not to press CTRL+C accidentally*,False,,794,https://i.redd.it/lysoqn7v67s21.png,26901
bein46,matharooudemy,"Sorry, I don't know anything about computers.",False,,748,https://i.redd.it/8t8oazxy3zs21.png,26770
bf624f,ATXUpdates,Absolutely savage,False,,254,https://i.redd.it/tdyj8var6bt21.jpg,24896
bgdxwn,x32byTe,Yeet!,False,,555,https://i.redd.it/lwg0lcqx5zt21.png,23901
bgrlu4,imelon_musk_rat,Stackoverflow in a nutshell,False,,401,https://i.redd.it/xvxu4s9ow5u21.jpg,33957
bh67se,Insider_Pants,Itâ€™s a joke,False,,674,https://i.redd.it/b0r04pu3gdu21.jpg,29712
bhgygx,_Table_,They're not wrong.,False,,251,https://i.redd.it/n1293pz7oiu21.png,28141
bik1ho,chevBott,An old screenshot,False,,216,https://i.redd.it/p9l40o2hj4v21.png,21317
bj00o4,kamranahmed_se,Bug free code,False,,164,https://i.redd.it/0jelwo9pgcv21.jpg,24735
bkw846,sillyV,Every single time we go to production,False,,391,https://i.redd.it/g8x1f8tbcdw21.png,37453
blhec6,,Fixing bugs in production,False,,272,https://i.redd.it/24rh5yk7knw21.jpg,26821
bo1ggo,SeparateChemical,Google I/O 2019,False,,369,https://i.redd.it/25g5hhmmayx21.jpg,30756
bquxmg,iapetus-11,It do be like that tho,False,,393,https://i.redd.it/qb210xj61dz21.jpg,25163
btijvq,,"Admit it, you do it too",False,,209,https://i.redd.it/7xhasgje5p031.jpg,26083
buvlcx,guneysss,â€žI donâ€˜t know why it is not workingâ€œ,False,,457,https://i.redd.it/0b2e8218qd131.jpg,39646
bvdrhd,tarheelsrule441,Naming is the most difficult part,False,,779,https://i.redd.it/mar8p5zhhm131.jpg,42930
bwsfwy,reverentgeek,Fun for the whole team!,False,,140,https://i.redd.it/vyo3y5j4zd231.jpg,27428
bxbe6g,chevBott,The truth has been spoken,False,,513,https://i.redd.it/8de27t9een231.png,29745
bxtxb3,TheTimgor,Or else,False,,237,https://i.imgur.com/aiiJMqI.png,26487
byj3y1,ThatApurv,The future of AI,False,,417,https://i.redd.it/e7qth5ucbb331.jpg,28196
bz9eh0,ThatApurv,Just donâ€™t look at it.,False,,261,https://i.redd.it/ozmao4ffio331.jpg,25210
c07mnd,iTicklemywife,A programmer gets a genie lamp....,False,,663,https://i.imgur.com/VM3VGGb.jpg,27853
c0frca,dringthedreamer,he said it best,False,,354,https://i.redd.it/fqq6ummu09431.png,22174
c1893l,napolux,Working with someone elseâ€™s code,False,,345,https://v.redd.it/7m3aepg5wo431,35106
c2djnp,dudenahman,Software development at its finest...,False,,218,https://v.redd.it/4y1s3s7sb9531,22936
c49n18,jonivesto,We've all been there.,False,,549,https://i.redd.it/m7g8pvqal5631.png,24435
c6b3e6,BlockLab,When the company tries to save money again,False,,416,https://i.redd.it/3ynnmixcsy631.png,34255
c8bzt8,christian_g1998,Best team ever :'),False,,326,https://i.redd.it/tbj6eemhcx731.png,24093
c8uy47,LeoDog896,The new web dev generation,False,,866,https://i.redd.it/imv7op9556831.png,29671
c9hde8,minandychoi,Iâ€™m hacking the mainframe,False,,570,https://i.redd.it/k7hrdj1u8i831.jpg,26681
c9vo4q,dreams_in_bytecodes,Happens too often,False,,108,https://i.redd.it/4viu2gehpp831.jpg,23434
cauwnu,Droyd,When you get help on StackOverflow from the person you least expect,False,,312,https://i.imgur.com/12JigQB.png,21819
cbxtuf,213LD,how to write long codes with a ultra-wide monitor correctly,False,,622,https://i.redd.it/6q8yhytvcp931.jpg,22945
ccbimp,x1sc0,"If you know, you know",False,,426,https://i.redd.it/7dg373n3uv931.jpg,22926
ccl46x,beado7,Anyone relate?,False,,359,https://i.redd.it/g45r1ublyz931.jpg,30011
cde0tl,DreadPirateRoberts94,Also a year on Mars last 687 days,False,,589,https://i.redd.it/xskskfdpxea31.jpg,22934
cdlc9i,TheTipo01,That was unexpected!,False,,126,https://i.redd.it/319t7oxdgia31.jpg,21315
cdzubd,almogh52,Nice try,False,,537,https://i.redd.it/if4cpzab6pa31.jpg,32151
ceqr3j,randomTWdude,The key to readability,False,,512,https://i.redd.it/oyallozuh1b31.jpg,22595
cf34vf,Nakatsukasa,After the foldable smart phone,False,,810,https://i.redd.it/kg83pypbw6b31.jpg,35075
cf8qt4,haljordanred,CSS can kill you,False,,241,https://i.redd.it/wq50n1mt0ab31.png,22277
cg28mm,karmaboy20,I think this is pretty accurate,False,,218,https://i.imgur.com/fyQnpfj.gifv,29037
cga4re,kmankx2,Aging is hard,False,,664,https://i.redd.it/v4vh850c5tb31.jpg,35542
ch10tc,YourMJK,"Shit, they are onto us!",False,,461,https://i.redd.it/d3zzfyakd5c31.png,25071
ch60ty,itzComPeter,but it sounds cool,False,,215,https://i.redd.it/wvh152fq18c31.png,27129
cirvyf,,Sparkling JavaScript,False,,189,https://i.redd.it/pnyp3ajb8zc31.jpg,22649
cj5zfd,CautiousLoudSpeech,It usually takes longer to write the automation code too [OC],False,,381,https://i.redd.it/z4grlcpz06d31.png,26799
cjpfd9,mohsens22,Happens too often.,False,,490,https://i.redd.it/8f012ezyved31.jpg,31683
ck40gn,vainstar23,Omg... The tests...,False,,263,https://i.redd.it/1o0gxyrerkd31.jpg,22296
ckjks4,yoloman0805,My classifier would be the end of humanity.,False,,459,https://i.redd.it/hg366coymrd31.jpg,29564
cmh2f0,mrlalatg,A classic.,False,,323,https://i.redd.it/rbd59khl4pe31.jpg,23936
cmq4w0,TrexLazz,M A T H Gang,False,,338,https://i.redd.it/69zq2kv7rte31.jpg,21374
cn3m4n,redwarp10,A front end developer eats alone because he doesn't know how to join tables,False,,288,https://i.redd.it/ew0d29ptxze31.jpg,23128
comsci,RavbugAnimations,You don't need StackOverflow!,False,,306,https://i.redd.it/d5x18rtcfof31.png,26434
covgb5,,Lamo,False,,820,https://i.redd.it/jd25yqv8xsf31.jpg,73120
cps0e3,xMOxROx,Typical...,False,,725,https://i.redd.it/zj4noiwbf7g31.jpg,31212
cqlyg7,pikadrew,!!goodMeme ? upvote() : downvote();,False,,409,https://imgur.com/F2gDA0M.jpg,34177
cr43ag,Lerwox,Hmmm,False,,158,https://i.redd.it/ncdgu7jb7sg31.jpg,24180
crobm1,TheForwardMomentum,"My compiler is an asshole, he ignores all my comments",False,,272,https://i.redd.it/sujq6idec1h31.png,26270
cs0p0o,mrpeker,Programmer Job Specs,False,,686,https://i.redd.it/nil7y8roc7h31.png,23265
csas8s,w0lf_r1ght,DON'T LOOK AT ME,False,,199,https://i.redd.it/xr3mb7m7fbh31.jpg,29045
ctg07m,Spencer0699,How to not take the blame for the bad code.,False,,242,https://i.redd.it/7wuyj5l7hji21.jpg,21523
cuxswd,HistoricalAdd,Is this actually true? I always thought that I'm to dumb to solve problems on my own so I just end up googling,False,,984,https://i.redd.it/vm0l15lx5gi31.jpg,26051
cw2sib,jfet97,Edge cases...,False,,340,https://i.redd.it/8cpiph6s2zi31.jpg,22560
cwyb81,s0ft_,"Multiple times, too",False,,253,https://i.imgur.com/vwP8gZr.jpg,23075
cy7xc1,freenasir,Very rare!,False,,307,https://i.redd.it/7277uw46byj31.jpg,27790
cyrlvp,Towzeur,Learn sorting algorithm with Kronk,False,,867,https://v.redd.it/c5jbvo06o7k31,72264
cz2uxt,kalibabka,Rule #3 Violation [OC],False,,404,https://i.redd.it/x81g4qxpsck31.jpg,29375
czf00i,dev0urer,"Not the first, certainly won't be the last",False,,221,https://i.imgur.com/wxnkHMY.jpg,21599
czl2a1,tgs266,Please help me,False,,443,https://i.redd.it/5l09pwkwzkk31.jpg,32642
czugr2,IntellectualDuck,"Declaration of independence, 1776, colorized",False,,271,https://i.redd.it/g2i8x2qtnok31.png,22401
d16t2z,heimdallcr,Adding a new feature one day before the release date...,False,,214,https://i.redd.it/49f99jqryal31.jpg,33350
d2oqtj,sadboi70,why is this a thing lmao,False,,463,https://i.imgur.com/Urt4HD8.jpg,21260
d3b41l,Shaeyo,Library errors be like,False,,184,https://i.redd.it/1bhlnbz857m31.jpg,25967
d4wi3e,bebesiege,How long it takes to complete a task. Alone vs Agile in a team.,False,,380,https://i.redd.it/ejkixzdmawm31.gif,22902
d51l9u,jojojoris,"The counter was reset today, we were almost into the double digits",False,,394,https://i.redd.it/8ons2uu1xym31.jpg,24435
d6c0gy,bree_dev,Why I stopped posting to StackOverflow,False,,895,https://i.redd.it/per2eihv0jn31.png,26524
d78sf6,gymshoos,Debugging Javascript,False,,269,https://i.redd.it/d3b8tswrbxn31.jpg,22958
db53ii,SorryDidntSeeYaThere,I love memes that I can relate to!!,False,,338,https://i.redd.it/j7xh3ce17np31.jpg,28566
dbe662,MeityMeister,"Beginner or not, this happens a lot",False,,223,https://i.imgur.com/cDELZhG.jpg,29749
ddc4b0,Nero8,Microsoft Java,False,,1015,https://i.redd.it/j0gld2s2skq31.jpg,30897
ddkyea,kukisRedditer,Types of personalities,False,,679,https://i.redd.it/42gyr1spwoq31.jpg,37965
de55hj,qevoh,Binary tree.,False,,186,https://i.imgur.com/llg1IKF.jpg,25942
dfgjeo,Aquillium,I can hear this image,False,,232,https://i.redd.it/8tzk79jqhir31.jpg,31613
dfx174,someone1010101,Stackoverflow is god,False,,492,https://i.redd.it/ex6q3j79fpr31.jpg,30440
dgewm6,qevoh,Guy tried to create an orbit system in python and this happened,False,,845,https://v.redd.it/zkc136kzuwr31,30725
dgytka,Hammad1814453,The future is now mom,False,,385,https://i.redd.it/086i8yazj5s31.jpg,30942
ditfcr,easternbarnowl,As grader for a data structures class,False,,699,https://i.redd.it/mqyhs9g54ys31.jpg,21718
dj7nsc,shah2018,Why read the documentation?,False,,237,https://i.redd.it/mrmuqs6n94t31.jpg,23204
djsqz1,The_Drug_Doctor,These captchas are really getting out of hand,False,,392,https://i.redd.it/h4y7utbjsct31.jpg,27439
dk1i7h,AUPMAReddit,random inspection,False,,560,https://i.redd.it/w0x3wuhfwgt31.png,36998
dkg6yx,prashanth_007,Unfinished Work,False,,217,https://i.redd.it/mu9htsxi8nt31.jpg,24500
dkuaez,richkidatarapconcert,Asking relevant questions in class leads to 30 minute anecdotes about his personal life,False,,413,https://i.redd.it/9xpq4y3h8tt31.jpg,22762
dlh7g4,I_am_a_Failer,Oh my god just let me finish explaining,False,,300,https://i.imgur.com/JA9Znml.png,28613
dltnzq,grantanade,Me after finishing an introductory lesson on HTML pretending to understand the posts here,False,,459,https://i.redd.it/k73fcessp7u31.jpg,24138
dmcwqp,sldpwk,Why bother using tools designed for exactly what you're doing?,False,,534,https://i.redd.it/ekn51zbxxfu31.jpg,23628
dmjqm4,ElectricFuneralHome,From my training class,False,,179,https://i.redd.it/ojvpqa1dyiu31.jpg,27947
dmui96,AnujG23,I might be...,False,,306,https://i.redd.it/ndtpe9bofnu31.png,30351
dnd4x2,mrkhan2000,Every. Single. Time.,False,,399,https://i.redd.it/0r7xwm02ovu31.jpg,31029
do44qa,vocchiogrosso,But can it run doom,False,,370,https://i.redd.it/q3fw9j91o7v31.png,24002
doao3h,sanyam63,When the compiler is high or there's an error in in-built function.,False,,254,https://i.redd.it/i36fnw5czav31.jpg,25647
doswjf,ClysmiC,Friendly reminder to set your file associations accordingly,False,,444,https://i.imgur.com/UcFztNV.png,28743
dp4bfa,krystof24,Types of programmers,False,,910,https://i.redd.it/y4p0r6xqcnv31.jpg,33757
dq1sxm,shah2018,Meetings everyone!,False,,431,https://i.redd.it/23plzwhjl1w31.jpg,37736
dqbj19,,He wasn't in the Starbucks.,False,,1207,https://i.redd.it/g12gje7mi5w31.jpg,51219
dr5344,Leonides1529,i +=-( i - (i + 1));,False,,626,https://i.redd.it/i3y7jfd5tiw31.jpg,23062
drynul,TiBiDi,Error messages,False,,322,https://i.redd.it/34l4qmay5vw31.jpg,27172
dsg3jw,empalmerro,A QA Tester walks into a bar,False,,501,https://i.redd.it/y1j5mmxif2x31.png,23772
dt2hox,pycz,Best loader,False,,375,https://v.redd.it/jojcgpm0cbx31,38254
dtdcfl,ZapKalados,Things do be like that,False,,1045,https://i.imgur.com/8h6CWEu.jpg,39185
dtitrx,maharshimartian,Was searching for calculator project in github. Saw this. It belongs to here.,False,,833,https://i.redd.it/mi1ib4rx0ix31.jpg,22479
dtyqcq,bpooqd,Compiler Personality,False,,644,https://i.redd.it/8tip5ijl1px31.jpg,22645
du948n,Puggetty,not based on a true story,False,,338,https://i.redd.it/rsjpjc7lotx31.png,34390
duga41,DoenerGmbH,How it really looks,False,,425,https://i.redd.it/g68jjjamxwx31.jpg,33405
dw7xyl,Saren-WTAKO,Currently written inside Chinese University of Hong Kong,False,,227,https://i.redd.it/vvseole7umy31.png,28171
dwmwvj,hexellate,Naming things is hard,False,,530,https://i.redd.it/pn6292mmqsy31.jpg,25473
dx22o1,kriller509,"I tried, okay?",False,,501,https://i.redd.it/8xyhjfy15zy31.jpg,28238
dxky5q,x32byTe,ill wait,False,,383,https://i.redd.it/balv7vgx28z31.png,26050
dy0p86,squath,How do you even begin to debug something like this,False,,767,https://i.redd.it/3z2vj453tez31.jpg,28287
dyp5l3,morgs_boy,What was I thinking?,False,,288,https://i.redd.it/jjmrerwr0pz31.jpg,34506
dz0nb2,kingmo3048,Hmmmmm,False,,294,https://i.redd.it/mmiuoq1qqtz31.jpg,22064
dzgyf6,Pablo_Emileo_Escobar,Full-stack developer means,False,,533,https://i.redd.it/i1h52hnvf0041.jpg,25038
e01ltx,Grubersauce,Testing in Production,False,,532,https://i.redd.it/zyb8yizgy8041.jpg,25128
e0iim2,ultra_mind,When backend developer does frontend,False,,686,https://i.redd.it/0x5iyakk4g041.jpg,35760
e0st67,whatisausername711,Maybe it was just having a bad day,False,,264,https://i.redd.it/jit6blg0wj041.jpg,25531
e0zdc1,DieEeneGast,Never thought about that TBH,False,,1585,https://i.redd.it/th44b0a1dn041.jpg,44436
e1gq79,hamandcheese_1,When talking to the veteran programmers at work,False,,332,https://i.redd.it/mtkfcgtzdu041.jpg,29424
e1t2f2,AnujG23,#Hastag_explained,False,,446,https://i.redd.it/n52di9z1qy041.jpg,34692
e22jfg,itsluqy,"Not the time, dad",False,,731,https://i.redd.it/2ry044pdv2141.jpg,56338
e2b6sp,AnujG23,Just Project Manager things!!!!,False,,273,https://i.redd.it/cd4rkanhy5141.jpg,22361
e2ozbb,FamiliarIndustry,Better feeling than sex,False,,257,https://i.redd.it/k2nmcv85eb141.jpg,25379
e2wnwl,neupanedinesh_,Adding that icon is going to take 3 weeks.,False,,588,https://i.redd.it/nvrpt44due141.jpg,45236
e3lhcp,whatisausername711,"main thrusters, engage",False,,294,https://i.redd.it/0f0clli24p141.jpg,26736
e3w2qw,ashish-ji,C++ Cheater,False,,1053,https://i.redd.it/rlwzi9sjpt141.jpg,74114
e4hfem,theabominog,I put the PD in PID,False,,196,https://i.redd.it/hg27vjl7x0241.jpg,21400
e4x753,SirERexYun,I was cleaning out an old hard drive today...,False,,261,https://i.imgur.com/gvLtVkY.jpg,24777
e5cmjd,pawangupta12,Full Procedure of Coding from Beginning to End,False,,314,https://i.redd.it/wk0k1s4kyc241.jpg,29832
e5lq5n,GarthPelletiu,Iâ€™m hacking the mainframe,False,,618,https://i.redd.it/k7hrdj1u8i831.jpg,33807
e5vg3z,karan991136,Tester & Developer relationship,False,,445,https://i.redd.it/ox78bdoxek241.jpg,28545
e6xmfw,sudokillall-9,don't rush me,False,,318,https://i.redd.it/js7xg0zd10341.png,31140
e78xor,beckscomics,Where it all began,False,,529,https://imgur.com/733CjTl,34794
e7z2s4,Zwrgbz,Can you fix my <insert device>?,False,,868,https://i.redd.it/agocbaqa0h341.jpg,48948
e8xqgs,TheStatusPoe,"Email my dad sent me, how do I tell him?",False,,441,https://i.redd.it/lczyy1q4sv341.jpg,21433
eapf7z,mrcyjanek_,Code be like,False,,298,https://i.redd.it/fl9dyfnwzn441.png,28063
eb2lbc,-hellkey-,Stacking if else statements be like,False,,724,https://i.redd.it/6rbq35occu441.jpg,60597
ebc7n0,Undreren,Nothing has changed since 2011,False,,488,https://i.redd.it/n6wx5hwpby441.jpg,34289
ecamdi,bot_hunter101,I am the IT department,False,,1528,https://i.redd.it/kflfysh17d541.jpg,61053
ecuah2,Kitkatgamer6,I the tall skinny white guy,False,,515,https://i.redd.it/mq3cicprtl541.jpg,22552
edn6ve,magija94,.tree {display:none},False,,219,https://i.redd.it/b9hjnpaqyx541.jpg,22781
ee3unj,Half_LifeR_YouTube,"Does anybody wants this - ""Indentation habit improvement compiler""?ðŸ¤£",False,,583,https://i.redd.it/3cbfjtwx46641.jpg,27062
egoqwk,saravanakumar17,Google trying to be helpful,False,,339,https://i.redd.it/nax2lketcc741.png,24546
eh5mlf,heylix23,Okay then.....,False,,247,https://i.redd.it/zleb5yxwkk741.jpg,22271
ej0s2j,GoCommitA7mos,The best response to what is c++,False,,1054,https://i.redd.it/s6q46do7ce841.png,29890
ej56le,heckingcomputernerd,Probably not true but I wish it was,False,,249,https://i.imgur.com/rNlFELa.jpg,25586
ejekym,tomadimitrie,Programming in a nutshell,False,,359,https://i.redd.it/08sz26e91k841.jpg,44418
ekecxd,googilygoblin,Thatâ€™s a lot of data,False,,337,https://i.redd.it/c7ea522qaz841.jpg,33485
elduaq,rupam71,"I am not lazy, I just save energy ðŸ˜‘",False,,381,https://i.redd.it/sq35f0w1wd941.gif,26040
em0brl,deoptimization,Graphic design is my passion,False,,196,https://i.redd.it/ya6amp2ovm941.jpg,24926
emb9st,flipester,Problems with recursion?,False,,201,https://i.redd.it/ft7hjtd1wr941.gif,21330
empy50,DeveloperToast,I need one of these.,False,,297,https://i.redd.it/8pe1yvtswx941.jpg,26896
enq91y,kamranahmed_se,Smoke tests in the wild,False,,225,https://i.redd.it/lpik03matda41.jpg,38668
eoe0vh,trn_anttal,Humour gain with pain ;p,False,,106,https://i.redd.it/se6s384mdna41.jpg,26141
eoocnb,GamesMint,Brilliant reply,False,,372,https://i.redd.it/lvwmx2t34sa41.jpg,26688
eozqs3,Cottand,git reset --hard,False,,319,https://i.imgur.com/RCV5Z3j.jpg,22627
epvznd,mytutorialtime,Which stage are you in now?,False,,333,https://i.redd.it/jgq9qbgox9b41.jpg,31570
eqblul,pa_russki,War...war never changes,False,,290,https://i.redd.it/hb2n8l3yogb41.jpg,32797
er9fct,akoli35,Redesigned!,False,,2116,https://i.redd.it/rh977vd6pvb41.jpg,45101
erqsas,Bread8600,512 people would be more odd won't it?,False,,1332,https://i.redd.it/rkczpah5u2c41.jpg,47835
es4nf1,JustATensai,My pain is immeasurable,False,,637,https://i.redd.it/w5zm53zvf8c41.jpg,45026
esp3zx,EgorSemeniak,Most People Rejected His Message. They Hated Him Because He Told Them The Truth.,False,,276,https://i.redd.it/4glsaeo90hc41.png,23998
etbtyl,EgorSemeniak,Both Google and Firefox sent cakes to Microsoft's Edge team,False,,1140,https://i.redd.it/2oh5fkgfvqc41.jpg,47939
eutk0u,System32Comics,Supportive Words,False,,254,https://i.redd.it/nmr5n9uyodd41.jpg,24423
ev3b1p,larsvdmeyde,let's go. In and out. 20 min adventure.,False,,374,https://i.redd.it/y3fc3585mhd41.jpg,32931
ewk5l7,darin_thompson,Saw this in the wild.,False,,311,https://i.redd.it/57rrkies52e41.jpg,29793
exdhfe,pseudorandomcoder,"""Rebranded"" from r/gaming",False,,173,https://i.redd.it/gy1j7vinyde41.png,32688
ey7uq5,stdcall_,Pretty forbidden,False,,483,https://i.redd.it/vdx6rqcgxpe41.png,29609
ezcqjv,ahotko,Building software,False,,166,https://i.redd.it/kktevln815f41.jpg,22565
ezycm4,javagat10,Pretty much.,False,,272,https://i.redd.it/0vmh03b24df41.jpg,29251
f0uhyo,odosuki,Pretty layers of encapsulation,False,,222,https://i.redd.it/pw0d6vt0hqf41.jpg,32296
f1m9f9,towernter,Programming life hack,False,,576,https://i.redd.it/9yx1e915h1g41.jpg,28737
f20hry,mrhumphrey1s,Python vs C++,False,,657,https://imgur.com/Mmo2oZK,21867
f27dy8,whitfield9919,My lecturer posted this before her lecture,False,,533,https://i.imgur.com/3tUJHFC.jpg,26193
f2t6qu,aparanoidbw,"This is better than ""car won't turn unless driver uses turn signal""",False,,244,https://i.redd.it/zbnpzueelig41.jpg,22811
f36j3n,kajri,All programmers can surely relate to this,False,,282,https://i.redd.it/xe0prge3bng41.jpg,21830
f37fwn,AlinMaior,101% true,False,,263,https://i.redd.it/f8vkp95xsng41.png,22870
f3qf0f,morgs_boy,Do I tell someone?,False,,219,https://i.redd.it/0zzejsfvavg41.jpg,22803
f40spd,CharlesCheesington,A top quality idea,False,,389,https://i.redd.it/chyhl5fj4zg41.jpg,27391
f4dbmj,picodeflank,Saw this on dank memes,False,,156,https://i.redd.it/rskneik2r4h41.jpg,32346
f4n8uy,quinten157,When your code is terrible but it somehow works.,False,,291,https://i.redd.it/rui01nitk8h41.gif,28834
f51c34,SunnyTheHippie,Explaining strings to my girlfriend like the adult I am,False,,807,https://i.redd.it/ugn6wwuq6eh41.png,35362
f597ce,instagrm,98% canâ€™t,False,,459,https://i.redd.it/rbuxztvdrhh41.jpg,26141
f5lxl4,,StackOverflow in a nutshell,False,,518,https://i.redd.it/vbbt0zmgzlh41.png,26210
f6qz5g,Mebethebest,I know he's one of you!,False,,874,https://i.redd.it/kgmmygh5z1i41.jpg,39565
f7m2nw,redman1037,Naming every computer ever,False,,557,https://i.redd.it/z6fuovzjydi41.png,25587
f7rwra,JuvenoiaAgent,True happiness,False,,458,https://i.imgur.com/fEMAhAK.jpg,51556
f86ssy,,"Ah yes, enslaved machine learning",False,,298,https://i.redd.it/qqnhfridvmi41.jpg,33163
f8clxi,RUWO11,Reddit is even worse than stack overflow.,False,,283,https://i.redd.it/fcz9suwblpi41.jpg,30582
f97k83,FastFoX16,Really need this super powerful computer!,False,,518,https://i.redd.it/vv29hautc1j41.jpg,29674
f9c89b,0x_crusader_,Hot swapping,False,,310,https://v.redd.it/iwltisw3d3j41,23094
f9t20e,iAmFish007,Me as a Project Manager,False,,325,https://i.redd.it/1ewk2mjjq9j41.jpg,24241
fab15m,OddComfort,If World was created by programmer,False,,444,https://i.redd.it/bi266amfhgj41.jpg,24867
fatcdr,europa502,When your code is broken but still manages to get shit done,False,,175,https://v.redd.it/9apm58l2hnj41,21630
fbr71g,morginzez,You can't change my mind,False,,1100,https://i.imgur.com/3OLd7j5.jpg,27453
fcayj7,mrbesen_,How do you even create such big json?,False,,790,https://i.redd.it/b5vt6it609k41.png,27748
fcqw9v,Uni_Omni,"It's justified to forget the name, right?",False,,712,https://i.redd.it/xynj52vcpek41.png,28016
fdg8t8,instagrm,the main thing is that it works properly,False,,558,https://i.redd.it/8o1khewzvok41.jpg,22863
fdpdx2,sunshine_up_ur_ass,This one will be an epic,False,,287,https://i.redd.it/4fgy0kwv0sk41.png,26092
fdwqep,MB-Coder,Why is my function not outputting anything,False,,290,https://i.redd.it/a2n75ff2gvk41.jpg,35636
fegbse,instagrm,Hmm interesting,False,,178,https://i.redd.it/ap49qk2r13l41.jpg,23003
fer5dm,PiRSquared2,Saved me a ton of times,False,,469,https://i.redd.it/xz7amqd1z6l41.png,35419
ff9gfo,deuterium--_--,*sobs in compiler errors*,False,,489,https://i.redd.it/y3ky1ewxlel41.jpg,31693
fffyno,RobCo-Industries,"Whether you acknowledge it or not, it's still true. Like... creation vs. evolution.",False,,1219,https://i.redd.it/mzf0u7oxjhl41.jpg,30423
ffxpax,AaronVA,Ctrl+Z Ctrl+Z Ctrl+Z ...,False,,268,https://i.redd.it/2ll128bbgol41.jpg,21498
fh2ezl,Confidenceismyname,"""Don't touch my garbage!""",False,,210,https://i.redd.it/hc9h5tkmd3m41.jpg,33261
fhjum6,Confidenceismyname,Interviews vs day-to-day job,False,,445,https://i.redd.it/h87crlwbz9m41.jpg,23198
fiim6z,Uni_Omni,We have a unsigned 8-bit genie here,False,,368,https://i.redd.it/cmxk0u7q7nm41.png,38897
firhev,ThatOnePhysicist,Career day,False,,384,https://i.redd.it/d4u2y3j60qm41.png,25507
fj1c1l,x1sc0,sounds about right,False,,244,https://i.redd.it/yucb4u2b9um41.jpg,33886
fjcoa3,buttman4lyf,How to print new line in Spanish...,False,,266,https://i.redd.it/6q7qw0kytxm41.jpg,29277
fjk6u1,Hamstorian,Sort algorithm,False,,623,https://v.redd.it/384be88l31n41,61595
fk3iqw,Confidenceismyname,0% fun,False,,550,https://i.redd.it/u95ypgtfv7n41.jpg,29944
fkke56,IceMenora,Her husband must be a programmer,False,,366,https://i.imgur.com/qsgN7f5.jpg,39742
fmmf3w,aloofloofah,Self-isolation day 3: Builds are now hooked up to house lights.,False,,354,https://v.redd.it/ej5y8cipa3o41,29839
fn5t03,Confidenceismyname,The best worst thing,False,,245,https://i.redd.it/qh3vij4n2ao41.jpg,32952
fnektt,memengenieur,Sometimes my genius... It's almost frightening.,False,,236,https://i.redd.it/l56tzw5sxco41.png,27413
fo13ys,trn_anttal,microsoft: i didn't steal your private code i own github,False,,345,https://i.redd.it/6v9rnexarko41.jpg,26203
foedzb,SpuriousPultroon,The struggle is real.,False,,179,https://i.redd.it/li3opqgt2po41.png,21657
fon1l6,kajri,It is what it is.,False,,220,https://i.redd.it/wp4wn3859so41.jpg,26929
foxt4g,Sergey32321,Its a win-win situation,False,,549,https://i.redd.it/gph4rp6drvo41.jpg,52635
fprptu,rajeshbhat_ds,I'll go when my code passes all the test cases,False,,173,https://i.redd.it/xqch2i8bn5p41.png,29430
fq2fh4,tjwrona1992,It really do be like that...,False,,324,https://i.redd.it/9ex196oqc9p41.jpg,21306
frt9cl,foreignerpakinibba,Outlasted the expectations,False,,432,https://i.redd.it/h0j05k850up41.jpg,24301
fs7dk4,Edward_new_gate,If Microsoft developed West World,False,,382,https://i.redd.it/p5m36yzc5yp41.jpg,22089
fszucb,,When you finished your project...,False,,249,https://v.redd.it/8r03rvd3l7q41,21222
fur149,ApostOnReddit,...just like the previous build.,False,,203,https://i.redd.it/kk6ghtkywrq41.png,45204
fvhk9l,whachamacallme,A bridge too far,False,,650,https://i.redd.it/yizl5249b1r41.jpg,24877
fwko0u,Fheuef,Tom Scott you cheeky boi,False,,504,https://i.redd.it/bo8pac9hfer41.png,54088
fwxipr,lazyhawk20,I cried as hell,False,,530,https://i.redd.it/5mfbi6v63ir41.jpg,43361
fz12o9,lazyhawk20,Poor kid,False,,552,https://i.redd.it/v184yggcq5s41.jpg,29545
fzkmip,TheJenkinsComic,help,False,,186,https://i.redd.it/24wf9a39n9s41.png,24848
g0c1ez,xshare,Floating points,False,,219,https://i.redd.it/t1whmte6lis41.jpg,21611
g0o1x3,Armster15,The holy print statement,False,,674,https://i.redd.it/3sltbklkjms41.jpg,22426
g1f0qi,MTPROJECTS,Wash it off!,False,,811,https://v.redd.it/uh0f9yx6xus41,34356
g1y3ux,ITG83,Unicode,False,,189,https://i.redd.it/u6ml03tk21t41.jpg,26107
g2koa5,YoloForJesusHChrist,When talking to the veteran programmers at work,False,,230,https://i.redd.it/mtkfcgtzdu041.jpg,22134
g348zw,piecat,"Seriously, it's the first thing we try",False,,402,https://imgur.com/q2zPzY5,21472
g4cr9m,ainastudsare,My i3 is working hard,False,,508,https://i.redd.it/anbll4rbjtt41.jpg,28533
g58gjx,Pixel3818,"Best explanation, indeed",False,,356,https://i.redd.it/ll7r1w8hk3u41.jpg,31369
g5uiqb,nixcraft,I am a full stack engineer,False,,177,https://i.redd.it/qf469chupau41.png,24564
g630i8,kyle-lambert,They just don't understand,False,,513,https://i.redd.it/wuxlazynzdu41.png,22623
g6e8kc,hpreddy,Checkout the new feature I developed,False,,193,https://v.redd.it/nrnojn9x5hu41,24189
g88x0y,MojiMoju,Everytime,False,,444,https://i.redd.it/64dpej9qm3v41.jpg,23446
g8e8kz,townslug,Who else is/feels old and can relate?,False,,319,https://i.redd.it/h74ydf4yx5v41.jpg,27610
g942eh,ARAXON-KUN,Java is the best,False,,1525,https://i.redd.it/uxs5wnj01ev41.jpg,42827
g9j8c6,ode26,*cries in powershell*,False,,767,https://i.redd.it/2ialma4xoiv41.jpg,79042
ga7cov,TheJenkinsComic,Tab club,False,,784,https://i.redd.it/e8k3k4u0nqv41.png,52050
gawu9i,NYCminion,And using light theme,False,,657,https://i.redd.it/azecoqeevyv41.jpg,34142
gb8xdk,Kixero,*reads in Carl Sagan's voice*,False,,320,https://i.redd.it/v049x9mn32w41.jpg,27974
gbgnyt,,The Notepad++ chameleon do be rockin a face mask.,False,,406,https://i.redd.it/e9fjtl2e65w41.jpg,23160
gc8twd,Phr3aker,"""I'll meet you at the restaurant in 15 minutes""",False,,228,https://i.redd.it/4ni5d7rwjdw41.jpg,26784
gcl1lc,Uni_Omni,"Thank you guys, you are the real heroes",False,,884,https://i.redd.it/5vvpn6tlghw41.jpg,53459
gdwsza,Uni_Omni,Meanwhile in a parallel world...,False,,184,https://i.redd.it/6adv69w0wxw41.jpg,22159
geaerh,bkendig,Helping my teammates remember what day of the week it is.,False,,281,https://i.redd.it/iid9hxgeo1x41.jpg,42177
gejf7w,NerdyBoyy,Hours of Stackoverflow browsing wasted.,False,,797,https://i.redd.it/pmf480gz55x41.png,25929
gfdngz,Qweritiop,"Mods are asleep, upvote C#",False,,439,https://i.redd.it/cj9i7jidcex41.png,24867
gghz24,naldii24,STOP the bullying,False,,1435,https://i.redd.it/b1i4bkuuirx41.jpg,30760
ggun58,siraajgudu,Wh..wh..why?,False,,575,https://i.redd.it/x6gg4i865vx41.jpg,21925
gh3jm3,_ketan_suthar_,StalinSort,False,,311,https://i.redd.it/bp6g76i3iyx41.jpg,22592
ghn3h8,Sour-Fun,Hopefully this hasn't been posted before,False,,262,https://i.redd.it/733evqt0w4y41.jpg,48747
gi0xz4,LtRodFarva,Weâ€™re agile now because Jira,False,,669,https://i.redd.it/3a4bzppsi8y41.jpg,27413
git593,amykamala,true story,False,,470,https://i.redd.it/2ohly4ex2hy41.jpg,40054
gj2ngq,Maddas_Uchiha,One of the worst nightmare,False,,396,https://i.redd.it/nzvtfr9g9ky41.jpg,31506
gk700t,mekmeesk,I don't add features I add bugs,False,,268,https://i.redd.it/wxm3bvsotwy41.png,26297
gkl4fv,YourTextHere_Studios,The meaning of everything,False,,546,https://i.redd.it/tmq6l9aqv0z41.png,34744
gkxrjr,towernter,Currently working on the To Do App,False,,212,https://i.redd.it/jubrfjzho5z41.jpg,21491
glboca,De_Wouter,Hiring a Stack Overflow pro.,False,,707,https://i.redd.it/cq5m8tzg8az41.png,52483
glvn8l,s1nical,I gotta find the optimal solution somehow. Â¯\_(ãƒ„)_/Â¯,False,,296,https://i.redd.it/ci1mh4rupgz41.jpg,24194
gm69za,SyndromSnake,My girlfriend crocheted my favourite meme as a birthday gift,False,,312,https://i.redd.it/lbsdjdz09kz41.jpg,26355
gmff7u,vkuma,Really wonderful people,False,,629,https://i.redd.it/n6nqhr7jpmz41.png,27338
gmlpne,currentlyatwork1234,The Truth About Coordinates (And Floating Points),False,,424,https://i.redd.it/fp2m67wt3pz41.png,22595
gok1z9,BlossomingDefense,Some wisdom shared in our threads,False,,450,https://i.redd.it/xswvf4gpqb051.jpg,22004
gozf5t,Demobeast,"Run it again, that should work",False,,804,https://i.imgur.com/giPffR3.jpg,29821
gp92sx,sambasil,Any unused storage is wasted storage,False,,1006,https://i.imgur.com/WAUqDQB.jpg,32832
gr2m40,spookiestevie,Typescript gang,False,,1400,https://i.redd.it/k8l61hkck5151.jpg,32231
gredk2,Nexuist,The joys of StackOverflow,False,,967,https://i.redd.it/7mztw70g59151.png,22886
gspaic,Daeli_Smile,Thats a lot of damage,False,,467,https://i.redd.it/2xo8k9ji4o151.jpg,30122
gt8bzl,amitarora5423,Hello World,False,,272,https://i.redd.it/afic64tz1u151.jpg,24602
gtfxqw,EliasV_1,Damn bro. das deep.,False,,240,https://i.redd.it/mt3fon9a6x151.png,21583
guk7rw,haltmich,About time,False,,537,https://i.imgur.com/Po2EyRW.png,26834
gvplgy,amazing7design,The Handover,False,,358,https://i.redd.it/t45pkhr2in251.jpg,28582
gvxkir,qcon99,"Me, after making my first program in python",False,,350,https://i.redd.it/6ihfuz3c6q251.jpg,36495
gwzdbg,yadavvipin,Done my part.,False,,372,https://i.redd.it/a5qdc8jie1351.jpg,38666
gxm3af,siraajgudu,It's the law!,False,,1094,https://i.redd.it/myd50mpyl8351.jpg,37840
gy66sa,niketagl,It ain't much but it's honest work,False,,155,https://i.imgur.com/eLYlRFG.jpg,23562
gyiabz,GeorgeWalt,Satan himself has arrived,False,,805,https://i.redd.it/b0d1t2xaej351.jpg,42028
gz26jh,WTFawkDude,"Every class you break, every fix you fake, I'll be judging you",False,,596,https://i.imgur.com/d7oJuUd.jpg,62428
h052mu,freakin_anurag,Lemme Change variable names real quick......,False,,357,https://i.redd.it/lzz08tcny0451.jpg,30524
h778z6,niketagl,Nice and clear,False,,296,https://v.redd.it/od8fht3kpc451,21176
h7rvds,amoohesam,Android Studio!,False,,641,https://i.redd.it/7ojxeguabj451.png,23455
h83mqx,TheOnlyMisterFlow,Parser be like,False,,401,https://v.redd.it/q06zmhtt1n451,30527
h8ccjw,Blendify,Mystery solved,False,,320,https://i.redd.it/a9rbnppyvp451.png,32349
h99pyn,pantlesspatrick,Heartwarming words,False,,549,https://i.imgur.com/f1l8FIB.jpg,37954
h9k07z,APelicansHorse,How to print new line in Spanish...,False,,278,https://i.redd.it/6q7qw0kytxm41.jpg,33720
h9x9ui,best_dady,Meanwhile.,False,,2972,https://i.redd.it/jvjv3q3xh7551.jpg,49422
ha5s90,TheOnlyMisterFlow,I heard you guys like educational memes ?,False,,210,https://v.redd.it/n7gcw6mifa551,22333
ham6b5,Ta1w0,I'm never banking with you.,False,,365,https://i.redd.it/9fzaviu45f551.png,24263
hb9ujx,Zunaryon,import printer,False,,434,https://i.redd.it/ruprznvzcm551.png,32509
hbu5a2,ss1st,Hmm...,False,,392,https://i.redd.it/vsllfvj9ps551.jpg,30825
hc3he2,lefsler,"Not only fat, but fat32",False,,211,https://i.redd.it/mss5u7po5w551.jpg,25895
hclxl8,Telion-Fondrad,Always,False,,292,https://i.redd.it/fgnv8ttic2651.jpg,22473
hdbeer,stepstr1,*almost entirely,False,,324,https://i.redd.it/5ab14dxiza651.jpg,27914
hdrv9k,loox37,You get what you deserve Sophie.,False,,944,https://i.imgur.com/O4LykUc.jpg,22167
hefzw2,adnanoid,[Happy Birthday Alan Turing] Turing test now and then,False,,336,https://i.redd.it/dop0lrdzao651.png,26713
hftchs,GustavsGegeris,"either hot or cold, there's nothing in between",False,,466,https://i.redd.it/hcop8aox64751.png,29623
hg1qxk,damnitrahul,Sounds familiar?,False,,503,https://i.redd.it/bv596en5x6751.jpg,27140
hgoo81,vkuma,"Mods are asleep, upvote a centered div",False,,659,https://i.redd.it/obfojf3jfe751.png,35231
hgvevj,DeathFart007,When a new hire dev asks how do you deploy to prod and you show it,False,,579,https://v.redd.it/4hbc3ho90h751,32103
hh9cwp,thebannaohi,Flushed my pancake.,False,,777,https://i.redd.it/69n01j4sbl751.jpg,44250
hhrxmn,NMRetex,System.out.println(â€œHugâ€);,False,,643,https://i.redd.it/nygd7o41kr751.jpg,28940
hi4c87,pizzanreddit,Readme is still optional,False,,184,https://i.redd.it/upacfh01xv751.jpg,29862
hidqw6,ag425,I wish Iâ€™d seen this years ago,False,,401,https://i.redd.it/uh6iyd3bdy751.jpg,32797
him2z4,rexpensive,the four Nicolas stages,False,,185,https://i.redd.it/1rtnjab7f1851.jpg,21060
hjcou3,CamLennon,Worth a shot right?,False,,308,https://i.redd.it/iu3wpyhbn9851.jpg,21577
hjf6zw,null_reference_user,Another version of a previous meme,False,,176,https://i.redd.it/5hmnebs3aa851.png,21343
hk02ha,xX_toaster420_Xx,haha possible duplicate go brrrr,False,,606,https://i.redd.it/yvkx4gtdzg851.png,23543
hkg72p,Inetenbr,"Yeah man I know how to code, I'll help you out",False,,446,https://i.imgur.com/MHRm72c.jpg,26969
hkow4h,vpetrychuk,A typo that could cost lives,False,,270,https://i.redd.it/b798gt5axo851.png,31180
hl08s3,space-_-man,From Hello world to directly Machine Learning?,False,,950,https://i.redd.it/jo1op74w0t851.jpg,30812
hlip7c,Stratosophic,Revelation!,False,,624,https://i.redd.it/jyt6fvzsrz851.jpg,33487
hlqmx5,TheV0rtex,Fear the loop loops,False,,283,https://i.redd.it/zkzpljazr2951.jpg,27452
hmbef6,RayneYoruka,The music I listend while programming,False,,542,https://i.redd.it/5u6ztjagp9951.png,21930
hmtynh,adnanoid,I have no memory of this place,False,,190,https://i.redd.it/zftxoobamf951.jpg,23022
hn2v6o,nasser_junior,Merge!,False,,185,https://i.redd.it/1lmdsrd40i951.jpg,21266
hnmr0s,Selbi,Your IDE when you declare a new method,False,,369,https://i.redd.it/nygb741tho951.gif,24723
hnwzln,MarkiPol,Seriously talk about going above and beyond holy shit,False,,437,https://i.redd.it/ufh5cynnir951.png,21930
ho2b8u,TheJenkinsComic,if,False,,443,https://i.redd.it/ugzxdf2ftt951.png,21326
homyn0,mejhopola,"A new day, a new beginning",False,,245,https://i.redd.it/d0xg72vgh0a51.jpg,25666
hp9wwp,jarvispie,Biggest lie,False,,411,https://i.redd.it/s0nb3l5tb8a51.png,41201
hpd320,VFcountawesome,12 yrs Kubernetes experience part 2,False,,353,https://i.redd.it/lpo3jfzka9a51.jpg,24466
hppyxz,valtism,The 4th Joke,False,,1024,https://i.imgur.com/mAqm6vU.jpg,38998
hqbnpg,NotFreakzz,bad mask oh no,False,,402,https://i.redd.it/iksfxv786la51.jpg,26933
hqm2o5,Veinq,But we might sell it as DLC later though,False,,1169,https://i.redd.it/7zpf9y8kfoa51.png,52909
hrg545,yuva-krishna-memes,Developer's pride...,False,,276,https://i.redd.it/2dm46nnhwxa51.jpg,28935
hs1vdz,Capitalist_Kerbal,):,False,,606,https://i.redd.it/22jqjgd8v4b51.png,27379
hsuf68,870steve,*Laughs in boomer*,False,,342,https://i.redd.it/s7wxcswbqeb51.jpg,25702
ht99ol,yuva-krishna-memes,It's always fun..,False,,767,https://i.redd.it/tn1wn7i44jb51.jpg,60161
hv8d04,AlfProphet,*Laughs in Typescript*,False,,733,https://i.redd.it/5t4f8e6418c51.png,29921
hvs7vs,Isti0105,A Byte Be Like,False,,538,https://i.redd.it/kpleg3iyaec51.jpg,24094
hwt3hq,MittensTheLizard,Technical interviews,False,,614,https://i.redd.it/xmi2vcl3qpc51.png,29452
hx7xfy,harshal96,Weâ€™re safe,False,,786,https://i.redd.it/7ptrlc47tuc51.jpg,77125
hxjg74,PixelPenguinNamibia,"For the last couple of months, this has been really true for me",False,,552,https://i.redd.it/13c9rcyusyc51.jpg,30213
hxppa0,insomniac2846,The downsides of biohacking,False,,445,https://i.redd.it/ryqmrise71d51.jpg,22418
hy07zb,_Heisenberg_399_,Mine is VS Code...which one is yours?,False,,1127,https://i.redd.it/gtbkngwgk4d51.jpg,29944
hy9s9h,afzal_aex,Just Google it,False,,441,https://i.redd.it/60xwyyqy98d51.jpg,36685
i059p5,i-naji,switching from python to almost any other programing language,False,,1047,https://i.redd.it/ttsja5oc5ud51.jpg,24073
i0mwif,justin2taylor,%,False,,1247,https://i.redd.it/2h7wdn8p70e51.jpg,25060
i1fdxq,ExtraSpicyCheese,Base on a true story,False,,238,https://i.redd.it/33rsasjca9e51.png,24383
i28dn5,DangerousImplication,When you spend so much time multiplying by 2,False,,443,https://i.redd.it/1v3wwivdnje51.jpg,25446
i3gr8y,,It reminds me of Chris Nolan's short film.,False,,207,https://i.redd.it/5nbt3u3goye51.jpg,25192
i3pvaz,neerot,Me rereading code I wrote a month ago,False,,360,https://i.redd.it/htp8nd9yd1f51.jpg,38385
i4ozln,himan0shu,Not wrong actually,False,,414,https://i.redd.it/1xdryb05vcf51.jpg,27462
i4v6b2,hpreddy,//Comments,False,,300,https://i.redd.it/vs35fh1ruef51.jpg,21452
i5iokv,skadel,We've all been there,False,,580,https://i.redd.it/h6bzblr0emf51.jpg,51178
i5t4xi,damnitrahul,git checkout -b 'nobody-loves-me',False,,501,https://i.imgur.com/8DEwo5w.jpg,22677
i62ezi,rizwankhan10,Java developers,False,,783,https://i.redd.it/8fkfw7tu6tf51.jpg,22802
i746gc,_workchronicles,Happens far too often,False,,598,https://i.redd.it/ao2331wj86g51.png,21120
i8dllr,morgs_boy,No bugs to fix in heaven,False,,393,https://i.redd.it/e0k7ce64okg51.png,23007
i8swym,Tishbyte,Discord knows their audience.,False,,726,https://i.redd.it/au9jbgn10pg51.png,32158
i9llic,wtfevenislifelol,Someone try this,False,,449,https://i.redd.it/qxf13d8lvyg51.jpg,51525
ia1jvc,iamharryvirus,Hello World,False,,419,https://i.redd.it/31i8o3bvl3h51.png,51605
ialf3d,suckmyasslikeanapple,My youngest brother just got into programming... Oh he'll see soon enough what's going on,False,,314,https://i.redd.it/bdpfbal3aah51.jpg,21275
iatz5w,Drollian,Working as a software engineer,False,,555,https://i.redd.it/h8uhxvhurdh51.jpg,46546
ibxjkp,Nazikiller____,Why is it like this?,False,,991,https://i.redd.it/acc8ej2n8qh51.jpg,49661
ic823c,nasser_junior,user.fist_name,False,,554,https://i.redd.it/dcuj4sradth51.jpg,48744
icipa6,tonynotworking,Just do your thing already,False,,429,https://i.redd.it/7hnegvajowh51.gif,44222
id9cwt,0re5ama,Komputer Vs Meth,False,,487,https://i.redd.it/8rp2fz7di5i51.png,24958
iel23e,JJakk10,Kinda true though,False,,700,https://i.redd.it/oirtdy4uuki51.png,28799
if9314,Confidenceismyname,Am smart,False,,644,https://i.redd.it/tozls5d3wsi51.jpg,34372
ifmhb2,jcburnsred,Checkmate.,False,,281,https://i.redd.it/idilsjwogxi51.jpg,24841
ig85rv,trogfield,Interviewer: Write a sort function,False,,330,https://v.redd.it/1olw8dv604j51,21335
iga9lb,TheEngineersKitchen,Would be a must watch movie for programmers ðŸ˜‚ðŸ˜‚,False,,452,https://i.redd.it/dawdji20w4j51.jpg,32597
igvny1,das_freak,Python goes brrrr,False,,817,https://i.redd.it/97p4ob5aebj51.png,55879
ihotf2,octos4murai,Number of Devs vs Development Time,False,,412,https://i.redd.it/4kx1utdrskj51.png,30050
iknv01,System32Comics,Can we get an if statement?,False,,450,https://i.redd.it/fm7z08nffkk51.jpg,23484
ila7le,fess432,Gonna be one of those days,False,,316,https://i.redd.it/5jgtjvdbirk51.png,36602
ilmbyg,LifeMathMoney,Don't do it.,False,,327,https://i.redd.it/xfdu3azcwuk51.png,26549
ilshns,prbecker,The new unpaid overtime,False,,328,https://i.redd.it/l0qwk81rfxk51.jpg,31186
impeo2,ProfessionalFlow__,I feel this every single day,False,,174,https://i.imgur.com/Lqf4592.jpg,23543
imwbsr,MichaelScottRMDM,Loading..,False,,947,https://i.redd.it/qwt83g5vv9l51.png,60861
ink6yz,bhatushar,"All the software work ""automagically""",False,,653,https://i.redd.it/rvu5gerceil51.png,50211
io0enk,Sahil_32,Why would you hurt me in such a way,False,,557,https://i.redd.it/5gdrr6b0fnl51.jpg,54017
ioxy49,LombardiD,it do be like dat,False,,226,https://i.redd.it/mu3dqv48lyl51.png,26722
ipak8p,yuva-krishna-memes,CSS explained...,False,,266,https://i.redd.it/yh24l3zgc2m51.jpg,24869
iqbu42,,I'm gonna make this my de facto policy,False,,186,https://i.redd.it/1kt237qbtdm51.jpg,21755
ir6904,yuva-krishna-memes,If you like YELLING..go for it..,False,,626,https://i.redd.it/meqr4vrmbnm51.jpg,25036
it2qiu,lord_darkfire26,Found this today at my uni,False,,199,https://i.redd.it/30ucf3jm19n51.jpg,26728
itbshf,mehdifarsi,Prove you are human,False,,303,https://i.redd.it/hnw1uc645cn51.png,26328
itqa96,Bullcaos,Leaving this here...,False,,927,https://i.redd.it/5k0ael43egn51.jpg,24468
ivmto5,menahoip,assembly developers,False,,242,https://i.redd.it/a4jpqk72m1o51.jpg,23605
iw8gmn,-a-z,Coming back to an issue you opened three years ago,False,,699,https://i.redd.it/gvcd6r24u8o51.jpg,28729
iwt04b,jemimof,programmers,False,,283,https://i.redd.it/j9e4yi1dbfo51.png,27750
ix2twc,geeksforgeeks,How do you handle the warnings? :P,False,,315,https://i.redd.it/5o29ac7rtio51.jpg,21678
ix74sv,System32Comics,Garbage Collection,False,,423,https://i.redd.it/8enervg2wjo51.jpg,27110
ixj5q5,sunny52525,We all have met that one annoying guy,False,,634,https://i.redd.it/cx382q7xnno51.jpg,22622
iy3s1l,MrSparklyMan,I know stuff,False,,159,https://i.redd.it/5s1wr01kvto51.jpg,25835
iy8g97,BaldEagleX02,A job in the woods,False,,301,https://i.redd.it/33o4yytnwvo51.jpg,26917
iytjsu,instilledbee,It checks out,False,,437,https://imgur.com/aD6y11r.jpg,35113
iz0frq,alihanif016,"""Squirrel""",False,,706,https://i.redd.it/8fwwgmupg4p51.png,30904
j0afsr,UnavailableUsername_,"var 6772616e647061 = """", 776973646f6d0a = """";",False,,529,https://i.imgur.com/4NfB9AI.png,37746
j0uklx,bharatsb,A senior developer fixing a bug in production,False,,387,https://v.redd.it/j9yktc3g1qp51,28450
j1nbk4,thatcodingboi,What my company thinks I do as a software developer,False,,334,https://v.redd.it/2o28y6og1zp51,35065
j1ylvg,canawot,javascript framework,False,,283,https://i.redd.it/bxy89v8333q51.png,29007
j29laf,rossumcapek,"One person, two perspectives",False,,151,https://i.redd.it/pqqmslzgw5q51.jpg,22325
j2for3,coolranchandwHip,from @jabrils_,False,,386,https://i.redd.it/sejn50qut7q51.jpg,23541
j2oj7l,Kaze_Senshi,Compiler Warning : Line 323 is kinda sus,False,,224,https://i.redd.it/q9cov32d2bq51.jpg,44093
j35ktj,HexR1se,Just clone the prod stack and u will be fine,False,,493,https://i.redd.it/9pa3zrwqggq51.jpg,35888
j3ofac,x_Jet007,I'm sure we can all relate,False,,389,https://i.redd.it/1o4b9m8x4mq51.png,32792
j4w9tk,J0hnibar52,I studied the code,False,,239,https://i.redd.it/hwbop79js1r51.jpg,31359
j51anv,InternationalFalcon3,software engineer,False,,298,https://i.redd.it/grmedjocp3r51.png,26175
j7uauj,LoserOfAllTrade,There are two kinds of developers,False,,352,https://i.redd.it/pchknludo0s51.png,32386
j82r48,setabzfrb,Everytime when running tests,False,,418,https://i.redd.it/l8hn43n8o3s51.png,39219
j8ed0h,towernter,All the time,False,,301,https://v.redd.it/7iv7ncag57s51,30353
j8zool,Algrinder,Every Block of code has its own story!,False,,223,https://i.redd.it/kxeexaamhes51.jpg,23889
j942vl,howlinjaybyrd,Oopsie woopsie!!,False,,510,https://imgur.com/0eTwKDQ.jpg,26238
j9is2o,rooneyyyy,I want to contribute to this project,False,,1208,https://i.imgur.com/pSDbMJP.jpg,31872
jaigqn,ekager,If tech interviews were honest,False,,1438,https://v.redd.it/9n40l5jfgws51,28007
jbvymc,AngryPancake33,ðŸ¤¬,False,,699,https://i.redd.it/b9zx5ltbmbt51.jpg,26453
jc61a2,Henrietta_Blake985,Helping my teammates remember what day of the week it is,False,,419,https://i.redd.it/qovb8y2b1ft51.png,60083
jcmsur,the_man_with_none,Adapt. Improvise. Overcome.,False,,115,https://i.redd.it/zqqul2hg9kt51.jpg,31902
jduf4p,geeksforgeeks,Here's a little Monday Motivation for you!,False,,431,https://i.redd.it/pymqyvh02zt51.jpg,21300
jdzvim,abaza738,When you finally find out randomness isn't random,False,,742,https://i.redd.it/7czsn902e1u51.jpg,22325
je3n3q,TheEndIsPi,I feel attacked,False,,149,https://i.redd.it/vqsvobrbk2u51.png,25177
jfgyme,alcatraz1286,Self burn,False,,217,https://i.redd.it/nkjhnk0nchu51.jpg,29187
jfstms,0x0is1,Fgs guys :/,False,,364,https://i.redd.it/mc8ux3jxoku51.png,22656
jgib4q,Algrinder,Just talk it out loud and there you go!,False,,282,https://i.redd.it/lek2xl0kosu51.jpg,28684
jigh6g,Anycrazyman24,I named a variable Ireland and forgot what it meant,False,,385,https://i.redd.it/igimmp9figv51.jpg,23289
jji4u6,AnotherRichard827379,These professors need to slow tf down.,False,,581,https://i.redd.it/2gzr4u6fvrv51.jpg,36065
jjp0qk,GeekDose,Just wondering. Is it?,False,,516,https://i.redd.it/vghyks38luv51.jpg,29019
jk7bv2,invisible-nuke,Regret,False,,349,https://i.redd.it/68g8dnqyc0w51.jpg,24640
jljlty,Indrajithbandara,Are you?,False,,350,https://i.redd.it/r7niftpz0gw51.jpg,21109
jmql35,therealpj24,Big brain!,False,,207,https://i.redd.it/rb5uakmsruw51.jpg,33661
jnumng,hennell,Programmers really jump to the core of philosophical questions,False,,474,https://i.redd.it/vrrcvqiy17x51.png,55662
jo1fti,ReCaio,..Is It only my experience?,False,,579,https://i.redd.it/68kei7iki9x51.png,31013
jodi2m,rjd_gamer,Where ++,False,,966,https://i.redd.it/zoess7at1dx51.png,23139
jp1q7u,one_loop,PythonScript comic strip,False,,601,https://i.redd.it/959mpgut1lx51.jpg,40493
jpe2z9,Juzdeed,Totally agree,False,,491,https://i.redd.it/8009e2mxvox51.jpg,50249
jpnfx7,il2m1e2lua,"Oh, so this is how to reproduce that weird issue",False,,241,https://i.redd.it/ovqlqmnh3mv41.png,21508
jpw58f,Harry2PointOh,"Threw a poll together this morning when things were still uncertain, was hoping that we could have at least tested the qualifications of our candidates.",False,,249,https://i.redd.it/dqzgyiai9vx51.png,22332
jq6bev,amicable20,Dear Universe please include this in the next update.,False,,221,https://i.redd.it/q4bwyac5cyx51.png,24679
jrfqdi,one_loop,This should help,False,,285,https://i.redd.it/o58slx3ptcy51.jpg,22972
jrmr61,,Donâ€™t bother the semicolon,False,,193,https://i.redd.it/1x1dhpuojfy51.jpg,29895
jshxt4,drovrv,Stolen from r/memes,False,,369,https://i.redd.it/sbbh5kdzooy51.jpg,22214
jtbmg0,ihs_ahm,Finally an advanced feature,False,,477,https://i.redd.it/y1bhx3gq3yy51.jpg,35848
jtnrlk,FlameOfIgnis,"Everyone loves pointers, right?",False,,557,https://v.redd.it/bjofqqt4h2z51,39074
jtztm0,shayanrc,Or they code in notepad?,False,,966,https://i.redd.it/8bs4y9n7k6z51.jpg,24163
juj741,WilliamsTBB,A type of primitive thought,False,,990,https://i.redd.it/8ceh0d66fdz51.jpg,39607
jv7yuw,supertoub,I just saw this meme here and I think it should go different.,False,,408,https://i.redd.it/9vnhc3vj7mz51.png,36179
jxkebj,OomMielie,Wondering how he's doing,False,,524,https://i.redd.it/qrmszxbnec061.png,29231
jxtefw,navycow,"Don't tell my wife, but my AI server is 45% sure she's an elephant",False,,291,https://i.redd.it/l27hkqgwjf061.jpg,27220
jy6zvx,,Tester: Untold story of Developers,False,,405,https://v.redd.it/ymcibq7hsj061,31202
jyfwn9,nonsenseis,Both..Both are..,False,,332,https://i.redd.it/td0847gq0n061.jpg,24183
jywn9g,bobby_vance,Computer joke disease,False,,237,https://i.redd.it/0gz2cuygzs061.jpg,30149
k01blo,werexzenok,Asking on Reddit vs asking on Stack Overflow,False,,400,https://i.redd.it/wdh63ftsg5161.jpg,22946
k06b98,drovrv,Have you ever felt this or itÂ´s just me?,False,,369,https://i.redd.it/s0zcjg3sa7161.jpg,22862
k0mzwh,Cheris_P,"Okay, But what abut self destruction function that clean up db",False,,974,https://i.redd.it/vjjco9y71c161.jpg,27033
k0xa0a,polish_jerry,The lag is real,False,,542,https://i.redd.it/4b18ug1wef161.jpg,39334
k17e1i,wescoasiac5,That took a wild turn,False,,440,https://i.redd.it/6fttplx5kbk21.jpg,29243
k2f0a2,Hard_Code_Brain,Damn CSS!,False,,590,https://i.redd.it/3gin4izk4w161.jpg,30293
k2pq2u,0x0is1,Relatable asf :|,False,,297,https://i.redd.it/pwwa4wiv30261.png,34064
k3l6d9,SamB133,I frequently have this argument with my code,False,,171,https://i.redd.it/qszkl08hx9261.jpg,41705
k3tzlh,janhetjoch,Relatable isn't it?,False,,492,https://i.redd.it/kuo9fd533d261.png,26821
k5at7n,Forgotten_Who,Please... I wasn't made for this,False,,436,https://i.redd.it/oq09q8otgs261.jpg,21808
k5wm3j,Diorno_kujoestar,hObBiEs,False,,1439,https://i.redd.it/z1kdnjsyxy261.jpg,50542
k6evre,hahaharshil,True,False,,828,https://i.redd.it/dd0jpbpky3361.png,25532
k6j160,fredlafrite,Don't mix anatomy and programming,False,,425,https://i.redd.it/9lgwmswfi5361.png,35798
k73gng,AvgDeveloper,"For real tho, the developers on stack overflow are never happy. Lol",False,,308,https://i.redd.it/o7o0i59rob361.jpg,25259
k7q54n,Lumpy-Measurement-55,Yeah.. Memory..,False,,399,https://i.redd.it/4av4hsvh3j361.jpg,21420
k7y6t6,PurpleNippies,I'd like to have a word with whoever programmed me,False,,224,https://i.redd.it/482i5t40tl361.png,27659
k8cjjs,Phantom_Gameeerr4028,Brute force = best decoding method,False,,1337,https://i.redd.it/ybb6zfmp2q361.png,31614
k8k8wo,iamharryvirus,Take my money,False,,239,https://i.redd.it/4gyynr6hos361.png,26426
k9lpv2,Monsi_Boy,When your code works too well.... (ctto),False,,444,https://i.redd.it/2gsvmb9ti3461.jpg,44790
kb1l9q,abhiKBee,Me everytime trying a new framework or library,False,,299,https://i.redd.it/vjjmyjm1uj461.jpg,26428
kbdfip,Land_As_Exile,"Too true, too true",False,,338,https://i.redd.it/h18g9a9y1n461.jpg,33662
kbmw6v,SubstantialAir4745,Programming : Enterprise Company vs Startups,False,,540,https://i.redd.it/gija99bzeq461.jpg,26743
kcwgup,AIMMOTH666,Google Engineers right now!,False,,568,https://i.redd.it/xpdj1usn85561.png,51765
kdhyes,Bishwas12,Hello,False,,211,https://i.redd.it/6dlovsmeab561.jpg,29015
keezd9,BlackBrown123,Asking for help online,False,,598,https://i.imgur.com/QEOYcAD.png,47767
kerz8y,Le_Minimalizier,import magic as m,False,,183,https://i.redd.it/tondeas3xo561.png,25881
kfqfq7,shivam1283,Pro tip,False,,249,https://i.redd.it/w8lhz3rulz561.png,22329
kgrwim,redingerforcongress,PSA: Keep up with the kid's lingo.,False,,447,https://i.imgur.com/nDeuSBJ.png,29174
kh0z9s,san-mak,HTTP status ranges in nutshell,False,,258,https://i.redd.it/lrreaxzfde661.jpg,22157
khn1fv,Faisalqd,A top quality idea,False,,570,https://i.redd.it/chyhl5fj4zg41.jpg,27876
ki24pd,joshua264,Is it too late to become a chef?,False,,413,https://i.redd.it/3afc99byjp661.png,30153
kiqekx,ajsjciencksjckvjd,I know a programmer when I see one.,False,,749,https://i.redd.it/3ywvxj41uw661.jpg,34205
kjdf10,haroldas194,I love PHP 6,False,,260,https://i.redd.it/pqfpzy0a74761.jpg,34037
kjvif3,nonsenseis,The complex decisions..,False,,562,https://i.redd.it/f67cs2l6ia761.jpg,21231
kk0p7y,screwhead1,Lord please don't fail me.,False,,191,https://i.redd.it/d2oj3590qc761.jpg,27276
kk5ng1,naniscs,"Finally, after years of search I found a real tree",False,,200,https://i.redd.it/96irozk7ae761.jpg,36948
kkgjtd,Severo_y_Ochoa,I inverted the tree. Do I get a job at Google now?,False,,186,https://i.imgur.com/0h6f1Ol.jpg,24135
kkqbfz,ChubAndTuckJedi,Sounds like 2020 right before the holidays to me,False,,511,https://i.redd.it/5fova2u8nl761.png,36197
km88rn,,Bug-Free Code,False,,115,https://i.redd.it/dwairhwid2861.png,21399
kmk23d,yortajar,Developer: Why do we need documentation? It's intuitive. Users:,False,,259,https://v.redd.it/ibqoyauv76861,22127
kn04bb,im-reverse,Wholesome,False,,1406,https://i.redd.it/5jakf7hx0b861.jpg,30951
kndh6b,bobby_vance,Solid burn,False,,244,https://i.redd.it/4rxxlxtkre861.jpg,34959
knolqm,daH00L,Time to close the 2020 tag. Happy New Year everybody!,False,,401,https://i.redd.it/4q8sd3bhfi861.png,28711
ko5now,SweatSpace,Do you like OOP?,False,,272,https://i.redd.it/gpp8gmh0on861.jpg,23422
kof0wj,starkhurst,Meanwhile at respawn entertainment,False,,269,https://i.redd.it/4kv2l3n39r861.png,21462
kp2ldx,Shaggy_Poop,More like commenting whole code,False,,127,https://i.redd.it/9u0bh5ezoy861.jpg,21258
kpnw5j,Fezzio,Spain.strip('s'),False,,397,https://i.redd.it/2ckz6y34d5961.jpg,22330
kqrn9y,pramodhrachuri,Why I never quit using sublime text,False,,401,https://i.redd.it/cn621v3oag961.jpg,24576
ksat1e,Xamthi,Engineer vs Designer,False,,903,https://v.redd.it/wagevbbj2w961,33929
kt0me6,Leaper29th,Factorial & Comparison,False,,448,https://i.redd.it/89aoql0ff3a61.jpg,29485
kt1zz8,raatmarien,I created the world's first scannable QR gif,False,,469,https://i.redd.it/mw2ghyybw3a61.gif,21798
kt8mht,Shaddy__k,Discrete Maths,False,,804,https://i.redd.it/funi8b0nk5a61.jpg,27488
ktmx5u,iotangle42,"Who cares about a few crashes here and there, right?",False,,182,https://i.redd.it/hmqbsdvcl9a61.png,31745
kuh11f,KastenBrod,The four horsemen of software development,False,,253,https://i.redd.it/x65tu8w13ja61.png,34196
kux8l1,LtRodFarva,"â€œYeah, weâ€™re a pretty modern company hereâ€",False,,445,https://i.redd.it/0auaykiufna61.jpg,31612
kwb3el,XandrUu,It happend to me also,False,,621,https://i.redd.it/y12xs5duq1b61.jpg,28881
kwjo2d,breizhmanNB,Welcome to the shit show,False,,239,https://i.redd.it/my3ym0czj4b61.gif,27919
kx71i9,HexR1se,Demo time,False,,392,https://v.redd.it/xlcs651k9bb61,33634
l096mu,mint3d,Next level patience!,False,,202,https://i.redd.it/5nge8eeh17c61.png,29471
l0p7yi,yuva-krishna-memes,When everything gets personal ..,False,,333,https://i.redd.it/ecrnqrptvbc61.jpg,28684
l1tqzj,cosimochellini,extremely useful notion ðŸ¤”ðŸ¤”ðŸ¤”ðŸ§ðŸ§ðŸ§,False,,176,https://i.redd.it/h4vm7w0h3nc61.png,21396
l2qqf3,cergo123,I feel like one of these books is misleading me,False,,357,https://i.redd.it/qfen45cjqwc61.jpg,28093
l3khl9,Just_WTFalco,Seriously who cares about the warnings,False,,346,https://i.redd.it/u4dvwl78c5d61.jpg,24781
l5gg3t,Gentlegiant2,This website doesn't use cookies,False,,655,https://i.imgur.com/05wcwhq.png,76386
l6cgz0,poopingpasta,Third degree Burn,False,,883,https://i.redd.it/y9nmw0smgxd61.png,39077
l7h5qk,Digitalman87,When the AI in a video game is a little too good...,False,,283,https://i.redd.it/0o9k7v60s6e61.jpg,27992
l8kvg6,BossdemON,How to print new line in Spanish...,False,,249,https://imgur.com/ZkINNdu.jpg,29627
l9k439,Shaddy__k,My Code,False,,207,https://i.redd.it/qwlrr7v51qe61.jpg,38733
lbdcb4,the_man_with_none,"Be aware the beast, but enjoy the feast he offers",False,,458,https://i.redd.it/xevjoqodb6f61.jpg,21411
lbl3ez,kaasbalmetlijm,getting into ai sucks,False,,352,https://i.redd.it/iismn5mvt8f61.jpg,32952
ld1mgh,devidij,Happy birthday,False,,358,https://i.redd.it/1sxt1du1xlf61.png,24946
ldkajq,teamSMagnificent,Innovation begins where convention fails,False,,211,https://i.redd.it/hmy7goektqf61.jpg,21901
lempzp,catdrinkingacat,Why can't my teachers be like this?,False,,279,https://i.redd.it/3r3lv6pr72g61.png,31760
lgvqyv,HexR1se,Something has changed,False,,836,https://i.redd.it/pxrun0ev2og61.jpg,43576
lheiay,MohanBhargava,Init?,False,,307,https://i.redd.it/m3vxtt66jsg61.jpg,43266
lhqlam,WisePaleKing,More like programmer nightmare,False,,500,https://i.redd.it/8eigzc1b2wg61.jpg,28389
liioll,sushantvashisht,How can I serve you?,False,,171,https://i.redd.it/w2eah3jxl3h61.jpg,27023
livmf0,Xorgon,I'm sure his wife was thankful,False,,425,https://i.redd.it/ksdcw8su27h61.png,39039
ljkhxg,yuva-krishna-memes,*Bonk Bonk*,False,,1155,https://i.redd.it/gxur60roieh61.jpg,28395
lk9v38,sogibov,Viewing other people's github pages,False,,309,https://i.redd.it/kxo6w9vkxlh61.png,24588
ll34yc,vkuma,Would you merge with them?,False,,467,https://i.redd.it/p473hba16uh61.jpg,23588
llw1a9,Coder_Lulu,Progress!,False,,154,https://i.redd.it/ssudswyuv1i61.jpg,22613
lmi1ay,41V4R0_12345,DB,False,,1348,https://i.redd.it/gei9w2v777i61.png,45473
lmpivd,redisemil,What side effects?,False,,603,https://i.redd.it/lupo1mbma9i61.jpg,31868
lncn8e,barathonucmnm,The future of AI,False,,450,https://i.redd.it/e7qth5ucbb331.jpg,26898
lo9rou,upsidedownwf,Life of a web developer,False,,652,https://i.redd.it/yh1ys8fklni61.jpg,23775
lopywj,Wulfagen,How not to,False,,663,https://i.redd.it/pgn1nlagori61.jpg,31066
lp9hwx,arcanewright,At least I learned something?,False,,368,https://i.ibb.co/D4m8Gd3/3zurz1.png,27249
lpmq97,_workchronicles,As the years go by,False,,442,https://i.redd.it/d35x0skhu0j61.jpg,21196
lqgb0s,No-Pick5821,Epiphany.,False,,307,https://i.redd.it/5k8op67vq7j61.jpg,40931
lswk9r,varun2710,"The documentation is super intuitive, we do not need code examples for our api.",False,,280,https://i.redd.it/3ynhg1izctj61.jpg,29610
ltl0gq,uhfgs,When I train a model for days...,False,,273,https://i.redd.it/zlqqo84nuzj61.png,24084
lttbpt,peceg,Money,False,,575,https://i.redd.it/70qer4zk52k61.png,22279
lu7ea3,DrTwentyTwo,"Things change, don't they",False,,513,https://i.redd.it/acym4lcmk5k61.png,21170
lvgkc8,vedosouji,Javascript,False,,600,https://i.redd.it/5ik1hby4ngk61.png,21599
lw2g7w,lil-lil-lil-lil-lil,had the toughest IF statement of my life yesterday,False,,782,https://i.redd.it/eu8pndl9emk61.jpg,32285
lwo971,sakib_shahriyar,That's a great suggestion.,False,,1874,https://i.redd.it/k27xl646ork61.png,49932
lx1i9b,BlueMoonSucks,Because of Covid I started teaching my gf how to code and this is the meme she made for me. I think she's trying to tell me something.,False,,456,https://i.redd.it/kf0cuvku1vk61.jpg,25572
lxk09d,TheWorkPlaceComics,Code reviews,False,,410,https://i.redd.it/j2rd6yqbf0l61.jpg,23039
lyw273,mraza007,Fullstack Devs be like,False,,640,https://i.imgur.com/grzk840.jpg,25385
lz27ou,EmbarrassedSetting12,She has â€œTrueâ€ as her last name and that breaks iCloud.,False,,1463,https://i.redd.it/su7tsddd0fl61.jpg,44831
lzhos8,TRPilsner,He's not wrong,False,,236,https://i.redd.it/thytt22ouil61.jpg,27142
lzp6qn,Maleficent_Phase_204,"What was the previous electrician thinking?""",False,,309,https://i.redd.it/p4xh021ahll61.png,41928
m0fe76,Code_12c,I program with python.,False,,255,https://i.redd.it/9n1nytpl0tl61.jpg,28844
m0pb7j,JasperDG828,Happens every time,False,,124,https://i.redd.it/ugl5shk07vl61.jpg,28686
m1e2sh,stijen4,What about 5000?,False,,828,https://i.redd.it/pkcsunr302m61.jpg,68122
m4vkmn,Henrijs85,I am nothing.,False,,896,https://i.redd.it/dgxuytay20n61.jpg,29757
m5m052,OhFuckThatWasDumb,I have achieved comedy,False,,462,https://i.redd.it/dtt8hx1ld7n61.png,28880
m62d3z,Gpopcorn07,Sad boi,False,,273,https://i.redd.it/uiwx5kz9zbn61.jpg,29113
m6g71x,Erick_Og,Speed cameras + SQL?,False,,504,https://i.redd.it/ch1byr8crfn61.jpg,31270
m75t6g,dirty_vibe,"just started learning, will my brain ever stop this?",False,,692,https://i.redd.it/rprsvdlajmn61.jpg,24147
m7mf9r,JuztBe,"Man, something changes when you become a developer",False,,596,https://i.redd.it/1c3wdto10rn61.jpg,25386
m7qx7k,bobby_vance,Make the computer go beep boop,False,,1108,https://i.redd.it/5dffvrfmhsn61.jpg,33609
m84yhy,Indrajithbandara,.,False,,172,https://i.redd.it/0j2q9nvbqvn61.jpg,23077
m8f1s7,Shery1508,Don't ...ever,False,,439,https://v.redd.it/50mbzw0iyyn61,29697
m9kja8,neveyeh,when someone watches me code,False,,237,https://i.redd.it/vrxfuqjn3ao61.png,24275
ma13ye,Coffee__2__Code,Best feeling ever,False,,202,https://i.redd.it/ezcg7vgnyeo61.jpg,23853
mc2fza,thatCuriousSelectron,I bet she learned C too well already.,False,,190,https://i.redd.it/7m8e3l96eyo61.jpg,22923
mdi1r9,taranasus,Me as a:,False,,913,https://i.redd.it/1pdh7x3pcbp61.png,47793
me7k56,Emilee_Lorele,Pain....!,False,,104,https://i.redd.it/u4gnfcvtbip61.png,23626
mevofi,enochou,I will automate your job one day out of spite,False,,1164,https://i.redd.it/ktei1uwglpp61.jpg,38022
mhjwyh,tiagooliveira95,This got me very angry for a few seconds,False,,401,https://i.redd.it/xmd53b7jlgq61.jpg,21464
mi954l,General_Tie,Easier than submitting a bug report,False,,578,https://i.redd.it/0vva3sr4pnq61.jpg,51676
miqpw8,elfotithor,Is this wood?,False,,357,https://i.redd.it/1arq0mif2tq61.png,28743
mj6h04,notbadandrew,Project management,False,,611,https://i.redd.it/810thq23yxq61.jpg,21138
mjse6d,lil-lil-lil-lil-lil,Shit now I have to support it till the end of time,False,,264,https://i.redd.it/bf5ddaebc4r61.jpg,26190
mk2wq7,GkAm1,"Now we are all ""string""",False,,453,https://i.redd.it/g7beqx9dj7r61.jpg,27933
mkm6ef,GeorgeWalt,Naming is the most difficult part,False,,809,https://i.redd.it/nszm4bab9dr61.jpg,41245
mm7c2j,esberat,Oh no. Anyway.,False,,197,https://i.redd.it/53aozs95esr61.jpg,22567
mn239r,SalazarRED,Looking for a match,False,,252,https://i.redd.it/2gkwbnq6q0s61.jpg,29424
mnfeji,TabularConferta,No lies here,False,,241,https://i.redd.it/5od3xy01y4s61.jpg,22302
mnsel7,triangurl,"Well, bout time for me to be hittin' the ol' dusty trail...",False,,381,https://i.redd.it/lf6oqvlv38s61.png,24940
mo24j1,esberat,I'm a software developer.,False,,540,https://i.redd.it/235tk66knbs61.png,21298
mp3ll3,moffd23,Software Engineers with a PHD vs random guy who took one month course on UDemy,False,,586,https://i.redd.it/krg1xppd6ns61.jpg,23136
mr68ue,ihs_ahm,Unbelievable,False,,546,https://i.redd.it/3p1nwstb69t61.jpg,34124
msorof,Raoshard,Finland's prisons are tough,False,,543,https://i.redd.it/yy2udijiupt61.png,30853
mt6czq,VagrantDestroy,When you leave a console.log in production,False,,165,https://i.imgur.com/mfBiMFg.jpg,21463
mty0my,ZhongTr0n,Shout out to the NASA Engineer creating a GitHub issue minutes before Ingenuity's take off on Mars,False,,516,https://i.redd.it/cygrspgm14u61.png,33049
mva71a,AggressiveIyAvg,I feel attacked,False,,1219,https://i.redd.it/gph4zwsp6hu61.jpg,51242
mvu5i8,Mighty_McBosh,I hate my life,False,,233,https://i.redd.it/r0qy75htlmu61.jpg,25464
mw6ax4,PurpleNippies,"Personally, I'd like get into beet farming",False,,481,https://i.redd.it/n53k577mlqu61.png,21921
mwnipv,Felipe_Silva_,"Finally, inner peace",False,,226,https://i.redd.it/tb8o67ulruu61.jpg,28722
mxcdn8,gatofrito2,"'^(\w|\.|\_|\-)+[@](\w|\_|\-|\.)+[.]\w{2,3}$'",False,,494,https://i.redd.it/g7ckygzsq1v61.jpg,22948
mydmww,Iforget1234z,"Yeah, this seems about right.",False,,641,https://i.redd.it/s0pqkp49zcv61.jpg,46079
n0nq82,depressionsucks29,Ben Awad's channel is a gem.,False,,204,https://i.redd.it/364kbrzh2zv61.jpg,21338
n19c2w,nitr0gen_,Every day is like this,False,,388,https://i.redd.it/dd858tcec5w61.jpg,34909
n1mxvo,topkek516,Resisting the urge to meme is tough during late night coding sessions,False,,638,https://i.redd.it/d3ejxyljv8w61.png,26452
n1wwg3,wadie31,If software developers were Penn & Teller,False,,797,https://v.redd.it/t5jbe7m82cw61,46333
